ZE2010;LIBZE2010;REG;LIBREG;2003-T1;2003-T2;2003-T3;2003-T4;2004-T1;2004-T2;2004-T3;2004-T4;2005-T1;2005-T2;2005-T3;2005-T4;2006-T1;2006-T2;2006-T3;2006-T4;2007-T1;2007-T2;2007-T3;2007-T4;2008-T1;2008-T2;2008-T3;2008-T4;2009-T1;2009-T2;2009-T3;2009-T4;2010-T1;2010-T2;2010-T3;2010-T4;2011-T1;2011-T2;2011-T3;2011-T4;2012-T1;2012-T2;2012-T3;2012-T4;2013-T1;2013-T2;2013-T3;2013-T4;2014-T1;2014-T2;2014-T3;2014-T4;2015-T1;2015-T2;2015-T3;2015-T4
0050;Mont-de-Marsan;00;interrégional;6,0;6,1;5,9;6,4;6,4;6,2;6,2;6,5;6,2;6,3;6,6;6,6;6,6;6,4;6,2;5,9;5,9;5,8;5,6;5,2;4,8;5,1;5,4;5,6;6,0;6,4;6,4;6,6;6,6;6,6;6,8;6,9;6,8;6,9;7,0;7,2;7,4;7,5;7,5;7,8;7,9;7,8;7,9;7,8;7,9;7,8;8;8,2;8,1;8,2;8,1;8
0051;Alençon;00;interrégional;7,1;7,5;7,2;7,5;7,6;7,3;7,5;7,6;7,3;7,4;7,6;7,6;7,7;7,6;7,6;7,1;7,1;6,9;6,7;6,3;6,2;6,5;6,8;7,2;8,2;8,8;8,3;8,5;8,1;7,9;7,9;8,0;7,9;7,9;8,1;8,3;8,5;8,8;9,0;9,3;9,4;9,4;9,3;9,1;9,3;9,3;9,5;9,6;9,5;9,7;9,8;9,7
0052;Cosne-Clamecy;00;interrégional;7,5;7,6;7,4;7,8;8,0;7,7;7,9;7,9;7,7;7,8;7,9;8,0;8,0;8,0;7,9;7,6;7,7;7,2;7,1;6,6;6,2;6,3;6,7;6,8;7,5;8,1;8,1;8,7;8,9;8,8;8,7;8,9;8,8;8,7;8,9;8,9;9,0;9,3;9,2;9,5;9,6;9,6;9,5;9,5;9,4;9,3;9,5;9,5;9,5;9,5;9,6;9,6
0053;Mâcon;00;interrégional;5,3;5,3;5,1;5,3;5,3;5,4;5,6;5,6;5,5;5,6;5,8;5,8;5,9;5,7;5,7;5,4;5,6;5,3;5,2;4,9;4,5;4,8;5,0;5,3;6,0;6,5;6,6;7,0;6,8;6,8;6,7;6,6;6,5;6,4;6,5;6,7;6,8;7,0;7,1;7,3;7,6;7,7;7,6;7,2;7,3;7,3;7,6;7,8;7,7;7,7;7,6;7,6
0054;Nogent-le-Rotrou;00;interrégional;5,9;6,2;6,5;7,0;7,3;7,2;7,1;7,1;7,2;7,3;7,5;7,5;7,3;6,7;6,8;6,3;6,1;5,8;5,8;5,1;5,2;5,9;6,5;7,4;8,0;8,5;8,4;8,0;7,8;7,5;7,3;7,5;7,5;7,3;7,7;7,6;7,7;8,1;8,5;9,0;8,9;8,8;8,8;8,8;9,1;9;9;9;8,9;8,9;9,1;9
0055;Vallée de la Bresle-Vimeu;00;interrégional;7,6;7,6;7,8;8,3;8,3;8,1;8,1;8,3;8,0;8,3;8,4;8,3;8,3;8,1;8,1;7,7;7,8;7,2;7,0;6,8;6,7;7,1;7,4;8,4;9,6;11,0;11,3;10,9;10,1;9,6;9,5;9,3;9,1;9,1;9,3;9,8;9,9;9,9;9,8;10,3;10,5;10,7;10,6;10,3;10,2;10,1;10,3;10,4;10,3;10,3;10,6;10,6
0056;Roissy - Sud Picardie;00;interrégional;8,8;9,2;9,2;9,6;9,7;9,5;9,7;9,8;9,6;9,7;9,8;9,9;9,8;9,5;9,4;8,9;9,0;8,7;8,5;8,0;7,6;7,7;7,8;7,9;8,6;9,3;9,4;9,9;9,7;9,6;9,7;9,8;9,7;9,6;9,8;10,0;10,1;10,3;10,3;10,7;10,9;10,9;10,9;10,8;10,9;10,8;11;11,3;11,1;11,1;11,3;11,1
0057;Brive-la-Gaillarde;00;interrégional;6,0;6,1;6,0;6,4;6,6;6,4;6,3;6,4;6,2;6,2;6,5;6,6;6,6;6,5;6,4;6,0;6,1;5,8;5,8;5,6;5,1;5,3;5,6;5,9;6,7;7,3;7,3;7,5;7,2;6,9;7,0;7,0;7,1;7,2;7,4;7,7;8,0;8,3;8,4;8,9;9,1;9,2;9,0;8,7;8,8;8,8;9;9,2;9;9;9,2;9,1
0059;Avignon;00;interrégional;9,1;9,3;9,1;9,5;9,5;9,3;9,4;9,4;9,3;9,6;9,9;10,0;10,2;10,0;9,9;9,2;9,6;9,4;9,1;8,5;8,3;8,3;8,4;8,5;9,6;10,0;10,0;10,6;10,6;10,5;10,5;10,5;10,7;10,8;11,1;11,2;11,3;11,4;11,4;11,8;12,1;12,2;12,0;11,7;11,8;11,7;12,1;12,3;12,1;12,1;12,2;12,1
0060*;Saint-Étienne;84;Auvergne-Rhône-Alpes;7,9;8,2;8,1;8,4;8,5;8,3;8,4;8,5;8,3;8,4;8,5;8,7;8,8;8,6;8,5;7,9;7,9;7,6;7,5;6,9;6,5;6,9;7,1;7,6;8,6;9,4;9,2;9,5;9,1;8,9;8,7;8,8;8,7;8,6;8,8;9,0;9,1;9,2;9,4;9,9;10,0;10,0;9,9;9,7;9,8;9,8;10;10,2;10,1;10,2;10,3;10,1
0061*;Toulouse;76;Languedoc-Roussillon-Midi-Pyrénées;8,8;8,7;8,6;8,9;9,0;8,8;8,9;9,0;8,7;8,8;8,9;9,2;9,1;8,9;8,9;8,4;8,4;8,2;7,9;7,3;6,9;7,1;7,3;7,5;8,1;8,7;8,7;9,1;9,0;8,9;9,0;9,0;8,9;8,8;9,0;9,2;9,3;9,5;9,6;9,8;10,0;10,1;10,1;10,1;10,1;10,1;10,4;10,6;10,4;10,3;10,4;10,3
1101;Paris;11;Ile-de-France;8,4;8,7;8,7;9,0;9,2;9,0;9,0;9,1;8,8;8,8;8,8;8,9;8,8;8,5;8,4;7,9;8,1;7,8;7,6;7,0;6,6;6,6;6,7;6,8;7,3;7,8;8,0;8,4;8,2;8,0;8,1;8,2;8,0;7,9;8,1;8,1;8,2;8,3;8,3;8,5;8,7;8,8;8,7;8,7;8,7;8,7;8,9;9;8,8;8,9;8,9;8,8
1102;Marne-la-Vallée;11;Ile-de-France;6,4;6,8;6,9;7,2;7,4;7,2;7,3;7,4;7,1;7,1;7,2;7,2;7,2;6,9;6,8;6,4;6,4;6,3;6,1;5,6;5,3;5,4;5,5;5,6;6,1;6,6;6,6;7,1;6,9;6,8;6,9;6,9;6,8;6,8;6,9;7,1;7,1;7,3;7,3;7,6;7,8;7,9;7,9;7,9;7,9;7,9;8,1;8,3;8,1;8,1;8,2;8,1
1103;Coulommiers;11;Ile-de-France;6,2;6,6;6,5;6,7;6,9;6,7;6,8;6,9;6,6;6,6;6,7;6,8;6,8;6,7;6,6;6,3;6,2;5,8;5,6;5,2;4,9;5,0;5,1;5,3;6,0;6,6;6,9;7,0;6,8;6,7;6,6;6,6;6,5;6,7;6,9;7,3;7,1;7,1;7,2;7,4;7,6;7,6;7,7;7,6;7,7;7,7;7,8;8;7,8;7,8;7,8;7,8
1104;Meaux;11;Ile-de-France;6,3;6,8;6,8;7,2;7,4;7,3;7,5;7,7;7,5;7,5;7,8;7,9;7,8;7,6;7,5;7,1;7,2;6,9;6,7;6,2;5,9;6,1;6,2;6,5;7,2;7,8;8,0;8,4;8,2;8,0;8,1;8,0;7,9;7,9;8,0;8,2;8,3;8,5;8,7;9,0;9,4;9,5;9,5;9,5;9,6;9,5;9,7;9,8;9,6;9,6;9,8;9,8
1105;Melun;11;Ile-de-France;6,2;6,6;6,6;7,0;7,3;7,1;7,3;7,5;7,3;7,3;7,3;7,3;7,3;7,2;7,0;6,5;6,4;6,0;5,9;5,5;5,2;5,3;5,4;5,5;6,1;6,7;6,7;7,2;7,0;6,9;7,0;7,0;6,9;6,9;7,0;7,2;7,4;7,5;7,6;7,9;8,1;8,1;8,1;8,0;8,0;8;8,2;8,4;8,3;8,2;8,3;8,2
1106;Montereau-Fault-Yonne;11;Ile-de-France;9,5;9,9;9,5;9,3;9,5;9,3;9,5;9,8;9,7;9,7;9,9;10,0;10,1;10,1;10,1;9,4;9,4;8,8;8,6;8,0;7,3;7,5;7,7;7,9;8,6;9,4;9,7;10,0;9,6;9,2;9,2;9,4;9,5;9,6;9,6;9,7;10,0;10,3;10,6;11,0;11,2;11,4;11,5;11,3;11,6;11,4;11,8;12,1;12,3;12,4;12,4;12,1
1107;Nemours;11;Ile-de-France;5,2;5,5;5,4;5,5;5,6;5,5;5,7;5,9;5,9;6,0;6,2;6,1;6,2;6,2;6,2;5,9;6,1;5,8;5,7;5,1;5,0;5,2;5,3;5,4;6,3;6,9;6,9;7,0;6,9;7,1;7,1;6,9;7,0;7,0;7,2;7,4;7,3;7,5;7,6;7,9;8,0;7,9;7,9;7,9;7,9;7,8;7,9;7,9;7,9;7,9;7,9;7,9
1108;Provins;11;Ile-de-France;7,5;8,5;8,8;9,3;9,6;9,3;9,4;9,7;9,2;9,3;9,5;9,5;9,6;9,4;9,5;9,0;8,9;8,2;8,1;7,8;7,4;7,5;7,5;7,6;8,1;8,8;8,8;9,3;9,1;9,0;8,7;8,6;8,6;8,3;8,3;8,2;8,2;8,3;8,7;9,0;9,2;9,4;9,4;9,4;9,4;9,4;9,5;9,5;9,5;9,5;9,6;9,1
1109;Houdan;11;Ile-de-France;4,7;4,8;4,7;5,0;5,1;4,9;4,9;4,9;4,7;4,9;4,8;4,9;4,8;4,6;4,6;4,3;4,2;3,9;3,7;3,4;3,2;3,3;3,5;3,6;4,0;4,3;4,4;4,6;4,5;4,3;4,2;4,5;4,3;4,3;4,4;4,4;4,4;4,4;4,6;4,7;4,8;4,9;4,8;4,8;4,9;4,8;4,8;4,8;4,7;4,7;4,8;4,7
1110;Mantes-la-Jolie;11;Ile-de-France;8,5;8,8;8,7;9,1;9,4;9,3;9,3;9,2;9,0;8,9;9,0;9,0;9,2;9,1;9,1;8,7;9,1;8,8;8,7;7,9;7,7;7,9;8,1;8,1;9,1;9,7;9,8;10,1;9,9;9,8;9,9;9,8;9,7;9,6;9,8;10,0;10,2;10,6;10,6;11,0;11,2;11,2;11,0;11,0;11,2;11,2;11,4;11,6;11,4;11,5;11,7;11,5
1111;Poissy;11;Ile-de-France;7,0;7,3;7,3;7,8;8,0;7,9;8,0;8,1;7,8;7,8;7,9;7,9;7,9;7,7;7,6;7,3;7,5;7,3;7,1;6,6;6,2;6,2;6,3;6,5;7,1;7,7;7,6;8,1;7,9;7,8;7,8;7,9;7,7;7,7;7,8;7,8;7,9;8,0;8,1;8,4;8,6;8,6;8,6;8,5;8,5;8,6;8,8;9;8,9;8,9;9,1;8,9
1112;Rambouillet;11;Ile-de-France;4,7;5,0;4,8;5,2;5,3;5,2;5,3;5,4;5,3;5,4;5,5;5,5;5,5;5,4;5,2;4,9;4,6;4,3;4,4;4,0;3,6;3,7;3,9;4,0;4,4;5,0;5,2;5,5;5,4;5,3;5,5;5,5;5,4;5,2;5,2;5,2;5,3;5,5;5,5;5,7;5,7;5,7;5,7;5,7;5,7;5,6;5,7;5,8;5,6;5,7;5,9;5,9
1113;Plaisir;11;Ile-de-France;5,3;5,6;5,5;5,9;6,2;6,1;6,1;6,1;5,9;6,0;6,1;6,0;5,9;5,7;5,8;5,3;5,4;5,2;5,1;4,4;4,3;4,4;4,3;4,2;4,9;5,4;5,6;5,9;5,7;5,6;5,9;5,8;5,7;5,7;5,5;5,6;5,8;5,8;5,9;6,1;6,2;6,2;6,2;6,2;6,3;6,3;6,3;6,4;6,3;6,3;6,4;6,4
1114;Étampes;11;Ile-de-France;6,0;6,1;6,2;6,5;6,4;6,2;6,2;6,2;6,2;6,2;6,3;6,4;6,4;6,3;6,0;5,6;5,6;5,2;5,2;4,9;4,6;4,8;5,1;5,1;5,6;6,0;6,1;6,6;6,6;6,5;6,5;6,5;6,3;6,4;6,7;6,7;6,6;6,9;7,0;7,3;7,6;7,5;7,3;7,4;7,5;7,4;7,4;7,6;7,5;7,5;7,7;7,7
1115;Évry;11;Ile-de-France;7,3;7,6;7,4;7,8;8,0;7,8;8,0;8,1;7,8;7,9;7,9;7,9;7,9;7,6;7,3;6,9;6,8;6,5;6,4;6,0;5,6;5,8;5,9;6,1;6,7;7,3;7,5;8,0;7,7;7,6;7,7;7,6;7,4;7,5;7,7;7,9;8,0;8,1;8,2;8,6;8,8;8,8;8,7;8,8;8,9;8,9;9,1;9,3;9;9,1;9,2;9,2
1116;Saclay;11;Ile-de-France;5,3;5,5;5,5;5,8;6,0;5,9;5,9;6,0;5,8;5,8;5,8;5,9;5,8;5,5;5,4;5,1;5,1;4,9;4,8;4,4;4,2;4,3;4,3;4,5;5,0;5,4;5,6;6,0;5,9;5,7;5,7;5,8;5,7;5,6;5,7;5,7;5,8;5,9;5,9;6,1;6,4;6,4;6,3;6,3;6,3;6,3;6,5;6,6;6,4;6,5;6,6;6,5
1117;Créteil;11;Ile-de-France;6,1;6,4;6,4;6,7;6,9;6,8;6,9;6,9;6,8;6,8;6,9;6,9;6,8;6,6;6,5;6,0;6,1;6,0;5,8;5,3;5,0;5,1;5,2;5,2;5,7;6,2;6,5;6,9;6,7;6,6;6,7;6,7;6,7;6,7;6,8;7,0;7,0;7,2;7,2;7,4;7,7;7,7;7,7;7,7;7,7;7,7;7,9;8,1;7,9;7,9;8,1;8
1118;Orly;11;Ile-de-France;8,5;8,9;8,8;9,3;9,6;9,3;9,4;9,6;9,3;9,3;9,4;9,6;9,5;9,2;9,1;8,7;8,8;8,5;8,2;7,5;7,0;7,1;7,2;7,2;7,8;8,4;8,6;9,1;8,8;8,8;8,9;9,0;8,9;8,9;9,0;9,2;9,3;9,5;9,7;9,9;10,2;10,3;10,3;10,3;10,4;10,4;10,6;10,9;10,6;10,7;10,8;10,8
1119;Cergy;11;Ile-de-France;6,7;7,0;7,0;7,4;7,7;7,5;7,7;7,8;7,6;7,6;7,6;7,7;7,6;7,3;7,2;6,8;6,9;6,7;6,5;5,9;5,6;5,8;5,9;6,1;6,7;7,3;7,5;8,0;7,8;7,7;7,7;7,8;7,7;7,7;7,8;7,9;8,0;8,2;8,2;8,6;8,9;8,9;8,8;8,7;8,7;8,7;8,9;9,1;8,9;8,9;9;8,9
2101;Charleville-Mézières;44;Alsace-Champagne-Ardenne-Lorraine;11,6;12,0;12,0;12,6;12,8;12,2;12,1;12,1;11,8;12,0;12,5;12,9;13,1;13,0;12,7;12,0;11,7;11,2;11,1;10,6;10,1;10,2;10,4;11,1;12,3;13,0;12,4;12,3;11,8;11,5;11,2;11,1;10,9;11,0;11,4;11,7;11,9;12,2;12,6;13,2;13,4;13,3;13,1;12,8;12,8;12,7;12,9;13,4;13,2;13,3;13,4;12,9
2102;Troyes;44;Alsace-Champagne-Ardenne-Lorraine;8,4;8,6;8,6;9,3;9,2;9,0;9,1;9,1;8,8;8,9;9,3;9,5;9,6;9,6;9,2;8,8;8,7;8,3;8,2;7,9;7,6;7,7;7,8;8,0;8,7;9,2;9,2;9,5;9,2;9,1;9,2;9,3;9,4;9,4;9,7;10,2;10,2;10,5;10,7;11,2;11,6;11,7;11,6;11,4;11,8;11,7;12,2;12,5;12,4;12,6;12,7;12,4
2103;Châlons-en-Champagne;44;Alsace-Champagne-Ardenne-Lorraine;5,9;6,1;5,8;6,2;6,2;6,1;6,3;6,6;6,3;6,4;6,6;6,7;6,9;6,8;6,8;6,6;6,7;6,4;6,4;6,2;5,7;5,9;6,1;6,4;7,2;7,7;7,5;7,6;7,5;7,3;7,3;7,4;7,3;7,3;7,5;7,8;7,9;8,2;8,5;9,0;9,3;9,3;9,3;8,9;9,0;8,8;9;9,1;8,8;8,9;8,8;8,7
2104;Épernay;44;Alsace-Champagne-Ardenne-Lorraine;5,1;5,3;5,3;5,9;5,9;5,7;5,9;5,7;5,7;5,8;6,1;6,2;6,2;6,2;6,0;5,5;5,6;5,3;5,3;5,1;4,8;5,0;5,2;5,3;5,9;6,3;6,4;6,8;6,6;6,6;6,5;6,4;6,4;6,4;6,6;7,1;6,9;7,1;7,0;7,5;7,8;7,8;7,8;7,3;7,5;7,4;7,6;7,8;7,7;7,8;7,9;7,9
2105;Reims;44;Alsace-Champagne-Ardenne-Lorraine;8,1;8,3;8,1;8,5;8,7;8,5;8,8;8,9;8,7;8,9;9,3;9,5;9,6;9,3;9,0;8,6;8,5;8,0;8,0;7,6;7,0;7,3;7,6;8,0;8,9;9,4;9,3;9,4;9,2;9,1;9,1;9,0;9,0;9,0;9,3;9,7;9,6;9,8;10,1;10,5;10,9;10,9;11,0;10,4;10,7;10,8;10,9;11,1;10,9;10,8;11;10,9
2106;Chaumont-Langres;44;Alsace-Champagne-Ardenne-Lorraine;6,1;6,3;6,3;6,9;7,2;7,1;7,0;6,8;6,6;6,8;7,1;7,4;7,5;7,4;7,2;6,5;6,6;6,2;6,1;5,7;5,3;5,5;6,0;6,6;7,5;8,1;7,8;7,7;7,4;7,2;7,1;7,1;7,0;6,8;6,9;6,9;6,9;7,2;7,4;7,7;8,0;7,8;7,7;7,3;7,4;7,4;7,5;7,6;7,5;7,6;7,6;7,2
2107;Vitry-le-François/Saint-Dizier;44;Alsace-Champagne-Ardenne-Lorraine;9,0;8,9;9,0;9,7;9,9;9,8;10,0;9,9;9,6;9,8;10,0;10,3;10,4;10,3;10,2;9,7;9,5;9,0;9,0;8,5;8,1;8,4;8,6;9,2;10,4;11,2;10,8;10,7;10,4;10,2;10,0;9,9;9,7;9,6;10,0;10,5;10,6;10,9;11,4;11,9;12,2;12,3;12,1;11,6;11,6;11,7;12,1;12,3;12,1;11,9;12;11,7
2201;Château-Thierry;32;Nord-Pas-de-Calais-Picardie;8,1;8,4;8,3;8,9;9,2;9,0;9,2;9,4;9,3;9,5;9,7;9,8;9,6;9,6;9,6;9,1;9,2;8,9;8,7;8,4;8,0;8,3;8,5;9,0;9,9;10,5;10,7;10,8;10,7;10,7;10,7;10,6;10,5;10,3;10,6;11,4;11,4;11,6;11,5;12,2;12,3;12,3;12,0;11,1;11,2;11,4;11,7;11,8;11,7;11,5;11,6;11,6
2202;Tergnier;32;Nord-Pas-de-Calais-Picardie;11,4;11,2;10,9;11,3;11,6;11,4;11,6;11,7;11,6;12,0;12,2;12,5;12,5;12,3;12,3;11,2;11,0;10,7;10,9;10,4;9,9;10,3;10,9;11,1;12,4;13,6;13,6;13,7;13,4;13,3;13,3;13,3;13,3;13,2;13,4;14,0;14,7;15,1;15,1;15,5;15,7;15,6;15,3;15,2;15,4;15,1;15,4;15,6;15,3;15,4;15,6;15,6
2203;Thiérache;32;Nord-Pas-de-Calais-Picardie;12,6;12,9;12,6;13,1;13,6;13,5;13,2;13,4;13,1;13,4;14,2;14,7;14,4;14,1;13,8;13,3;13,4;12,7;12,6;12,2;11,9;12,4;13,2;12,9;13,8;14,7;15,0;15,6;15,3;15,3;15,3;15,5;15,5;15,5;15,1;15,7;16,0;16,4;16,5;17,3;17,5;17,4;17,3;17,0;17,0;16,9;17,1;17,2;17;16,8;17,2;17
2204;Laon;32;Nord-Pas-de-Calais-Picardie;8,2;8,6;8,6;8,9;9,2;9,2;9,4;9,4;9,3;9,4;9,8;10,1;10,0;9,7;9,6;9,3;9,3;9,0;8,8;8,6;8,3;8,5;8,7;8,8;9,7;10,4;10,7;11,2;11,1;11,1;11,2;11,2;11,2;11,2;11,4;11,9;12,1;12,3;12,4;12,9;13,1;13,2;13,1;12,7;12,6;12,4;12,7;12,9;12,8;12,7;12,7;12,7
2205;St-Quentin;32;Nord-Pas-de-Calais-Picardie;11,7;11,8;11,4;11,7;12,0;11,7;11,9;12,1;11,8;12,1;12,5;12,8;12,9;12,7;12,5;11,9;12,2;11,7;11,5;11,1;10,8;11,1;11,7;12,1;13,3;14,1;14,1;14,3;14,2;14,0;14,1;13,9;14,1;14,1;13,9;14,3;14,5;14,8;14,8;15,4;15,4;15,2;15,3;15,1;15,0;15;15,1;15,3;15,1;15,1;15,4;15,3
2206;Soissons;32;Nord-Pas-de-Calais-Picardie;10,6;10,6;10,3;10,8;10,8;10,6;10,5;10,5;10,4;10,5;10,9;11,3;11,3;11,2;11,1;10,7;10,6;10,0;9,9;9,4;9,1;9,2;9,4;9,6;10,5;11,6;11,9;12,4;12,0;11,8;11,8;12,0;11,8;12,0;12,2;12,6;13,0;13,3;13,1;13,6;13,7;13,8;13,8;13,7;13,8;13,5;13,6;13,7;13,3;13,3;13,5;13,5
2207;Beauvais;32;Nord-Pas-de-Calais-Picardie;7,4;7,5;7,6;8,1;8,2;8,0;8,1;8,2;8,0;8,2;8,4;8,6;8,6;8,4;8,3;8,0;8,0;7,6;7,4;7,2;6,7;6,9;7,1;7,4;8,2;9,3;9,2;9,5;9,3;9,2;9,3;9,0;8,8;8,5;8,5;8,9;8,9;9,2;9,5;9,9;10,2;10,4;10,4;10,2;10,2;10,2;10,3;10,5;10,4;10,4;10,7;10,3
2208;Compiègne;32;Nord-Pas-de-Calais-Picardie;7,8;7,9;7,8;8,2;8,3;8,3;8,3;8,4;8,3;8,4;8,6;8,8;8,9;8,6;8,5;7,9;7,6;7,4;7,5;7,1;6,8;6,9;7,0;7,3;8,4;9,4;9,4;9,4;9,2;9,3;9,2;9,1;9,1;9,1;9,2;9,4;9,7;10,0;9,9;10,3;10,4;10,5;10,4;10,2;10,1;9,7;10;10,1;9,9;9,9;10,1;9,9
2209;Abbeville;32;Nord-Pas-de-Calais-Picardie;9,2;9,3;9,2;9,7;9,8;9,7;9,8;9,8;9,4;9,4;9,8;10,0;10,6;10,4;10,3;9,9;9,7;9,2;8,9;8,6;8,5;8,9;9,2;9,5;10,2;11,0;10,7;10,9;10,5;10,4;10,6;10,5;10,4;10,1;10,3;10,9;11,0;11,2;11,1;11,8;12,0;12,1;12,0;11,5;11,5;11,5;11,7;11,9;11,8;11,8;12,2;12,2
2210;Amiens;32;Nord-Pas-de-Calais-Picardie;9,5;9,7;9,4;10,0;10,2;10,0;10,0;10,1;9,9;10,0;10,3;10,5;10,5;10,5;10,5;10,2;10,2;9,9;9,7;9,2;8,8;8,9;9,1;9,3;10,2;10,9;11,0;11,4;11,1;10,9;11,0;10,9;10,8;10,7;10,8;11,3;11,4;11,7;11,8;12,2;12,4;12,4;12,2;12,1;12,0;11,8;12;12,1;11,9;12;12,3;12,2
2211;Péronne;32;Nord-Pas-de-Calais-Picardie;7,9;8,0;7,7;8,1;8,0;7,9;8,0;8,4;8,3;8,3;8,9;9,2;9,7;9,7;9,5;8,5;8,6;8,4;8,2;7,6;7,2;7,7;8,0;8,5;9,3;10,1;10,2;10,8;10,6;10,1;9,8;9,7;9,9;9,5;9,9;10,4;10,5;11,0;11,3;11,5;11,7;12,0;11,9;11,7;11,6;11,4;11,7;11,7;11,8;11,7;11,8;12
2301;Bernay;28;Normandie;8,2;8,5;8,3;8,5;8,9;8,8;9,1;9,1;8,8;9,3;9,6;9,7;9,8;9,3;8,9;7,9;7,9;7,4;7,6;7,1;6,6;7,0;7,1;7,5;8,9;9,8;9,9;9,6;9,2;9,2;9,3;9,3;9,2;9,3;9,5;10,2;10,4;10,4;10,7;11,2;11,5;11,4;11,1;10,8;10,7;10,7;11,1;11,3;10,9;11;11,3;11,4
2302;Évreux;28;Normandie;7,2;7,3;7,2;7,7;7,9;7,8;8,1;8,2;7,9;7,9;8,1;8,3;8,5;8,3;8,3;8,1;8,0;7,7;7,5;7,1;6,7;7,0;6,9;7,2;8,1;8,8;8,9;9,4;9,2;9,1;9,2;9,1;8,9;8,9;9,0;9,3;9,5;9,7;9,8;10,3;10,6;10,6;10,4;10,3;10,2;10,1;10,2;10,5;10,2;10,2;10,3;10,4
2303;Pont-Audemer;28;Normandie;7,8;8,2;8,3;8,8;8,9;8,8;8,7;8,9;8,4;8,4;8,5;8,5;8,7;8,6;8,5;7,8;8,0;7,6;7,4;6,8;6,4;6,6;6,9;7,3;8,1;8,9;9,0;9,1;9,1;8,9;9,2;9,5;9,2;9,1;9,2;9,3;9,7;9,9;10,0;10,7;10,8;11,0;10,9;10,8;10,8;10,6;10,8;10,8;10,7;10,8;11;11,1
2304;Vernon - Gisors;28;Normandie;8,1;8,1;7,9;8,4;8,7;8,5;8,4;8,3;8,0;8,2;8,6;8,7;9,0;9,0;9,2;8,7;8,9;8,5;8,5;7,9;7,4;7,6;7,8;8,2;9,4;10,2;10,1;10,4;10,3;10,3;10,2;10,2;10,2;10,1;10,5;10,7;10,9;11,2;11,3;11,7;11,8;11,7;11,5;11,2;11,2;11,2;11,4;11,7;11,3;11,3;11,5;11,4
2305;Dieppe - Caux maritime;28;Normandie;9,2;9,2;8,8;9,1;9,3;8,9;9,0;9,2;8,7;8,9;9,3;9,5;9,5;9,3;9,2;8,7;8,7;8,2;7,9;7,4;7,3;7,5;7,7;8,2;9,0;9,5;9,5;9,5;9,1;8,9;9,3;9,2;9,0;9,1;9,2;9,3;9,6;9,6;9,6;10,2;10,2;10,1;10,0;9,9;9,8;9,8;10;10;9,8;9,8;9,8;9,8
2306;Le Havre;28;Normandie;10,4;10,3;10,1;10,7;11,0;10,6;10,9;11,1;10,5;10,6;10,9;11,0;11,0;10,8;10,7;10,4;10,3;9,8;9,5;8,8;8,4;8,9;9,1;9,7;10,6;11,5;11,4;11,7;11,5;11,5;11,5;11,5;11,3;11,3;11,5;11,6;11,7;11,9;12,0;12,4;12,7;12,7;12,6;12,5;12,4;12,2;12,3;12,4;12,3;12,3;12,7;12,6
2307;Rouen;28;Normandie;8,7;8,9;8,6;9,1;9,4;9,2;9,3;9,4;9,1;9,2;9,4;9,4;9,4;9,2;9,2;8,6;8,7;8,2;8,0;7,5;7,1;7,3;7,5;7,9;8,9;9,4;9,5;9,9;9,7;9,6;9,5;9,5;9,4;9,4;9,6;9,7;9,9;10,0;10,2;10,6;10,8;10,9;10,7;10,6;10,7;10,6;10,7;10,9;10,6;10,7;10,8;10,7
2401;Bourges;24;Centre-Val-de-Loire;7,2;7,4;7,4;7,8;8,0;7,8;8,0;8,0;7,8;7,9;8,2;8,3;8,3;8,1;8,1;7,5;7,5;7,2;7,1;6,6;6,1;6,4;6,5;6,6;7,3;7,9;8,1;8,5;8,5;8,6;8,5;8,4;8,4;8,4;8,6;8,8;8,8;9,0;9,1;9,5;9,8;9,8;9,7;9,6;9,6;9,4;9,7;9,9;9,9;10;10,1;10,2
2402;Saint-Amand-Montrond;24;Centre-Val-de-Loire;7,8;8,3;8,5;8,9;9,1;9,1;9,2;9,6;9,3;9,3;9,5;9,7;9,7;9,5;9,4;8,8;8,6;8,1;7,9;7,7;7,5;7,9;7,9;8,2;8,6;9,4;9,8;10,2;10,3;10,2;10,1;10,0;9,9;10,0;10,2;10,6;10,6;10,9;10,8;11,0;11,5;11,4;11,4;11,2;10,9;10,9;11,3;11,9;11,6;11,8;11,9;11,8
2403;Vierzon;24;Centre-Val-de-Loire;9,7;10,0;9,9;10,7;10,9;11,0;10,6;11,0;10,8;10,7;10,7;10,7;10,5;10,1;10,0;9,4;9,0;8,6;8,7;8,4;7,9;8,2;8,6;9,3;10,4;11,4;11,3;11,7;11,6;11,5;11,3;11,0;11,1;11,3;11,5;12,1;12,1;12,4;12,3;13,0;13,3;13,3;13,4;13,1;13,3;13,1;13,3;13,5;13,3;13,5;13,8;13,8
2404;Chartres;24;Centre-Val-de-Loire;6,2;6,5;6,5;6,9;7,0;6,8;7,0;7,2;7,1;7,2;7,3;7,3;7,2;6,9;6,6;6,4;6,1;5,9;5,8;5,3;5,0;5,1;5,4;5,7;6,5;7,2;7,1;7,4;7,3;7,3;7,3;7,4;7,3;7,2;7,4;7,5;7,6;7,9;8,0;8,5;8,7;8,5;8,5;8,4;8,5;8,4;8,6;8,7;8,6;8,6;8,7;8,6
2405;Châteaudun;24;Centre-Val-de-Loire;7,1;6,9;6,8;7,2;7,6;7,7;8,0;7,9;7,5;7,7;7,9;8,6;8,2;7,7;7,5;6,8;6,7;6,4;6,5;6,1;6,1;7,1;7,3;8,0;8,7;9,2;9,0;9,3;9,2;9,0;8,7;8,7;8,3;8,3;8,7;8,8;9,1;9,4;9,5;9,8;9,9;9,8;9,8;9,6;9,9;10;10,2;10,4;10,2;10;10,1;10,1
2406;Dreux;24;Centre-Val-de-Loire;9,5;9,8;9,5;10,2;10,5;10,5;10,6;10,9;10,3;10,3;10,4;10,5;10,6;10,5;10,4;10,3;10,2;9,9;9,8;9,1;8,4;8,6;8,8;9,3;10,2;10,9;11,0;11,9;11,6;11,4;11,4;11,4;11,2;11,2;11,3;11,3;11,3;11,8;11,8;12,4;12,6;12,4;12,2;12,2;12,3;12,2;12,4;12,8;12,4;12,4;12,5;12,4
2407;Le Blanc;24;Centre-Val-de-Loire;6,3;6,2;6,2;6,4;6,4;6,5;6,8;7,2;6,8;6,4;6,4;6,5;6,6;6,6;6,2;5,9;6,1;5,5;5,7;5,4;4,7;5,2;5,7;5,8;6,4;6,9;6,8;7,3;7,3;7,2;7,0;7,0;7,0;7,0;7,0;6,9;6,9;7,0;7,3;7,5;7,5;7,6;7,6;7,9;7,9;7,8;8;7,9;7,7;7,5;8,1;7,7
2408;Issoudun;24;Centre-Val-de-Loire;7,2;7,5;7,6;8,3;8,0;7,6;7,5;7,7;7,7;7,8;8,2;8,5;8,6;8,4;8,0;7,8;7,8;8,1;7,7;7,2;6,9;7,2;7,6;7,9;8,8;9,3;8,9;10,1;10,1;10,0;9,6;9,4;9,0;9,0;9,4;10,1;10,4;10,1;10,8;10,9;11,3;11,3;11,2;10,7;10,6;10,5;10,5;10,8;10,5;10,7;10,8;11
2409;Châteauroux;24;Centre-Val-de-Loire;6,8;7,2;7,3;7,7;7,8;7,5;7,7;8,1;7,8;7,8;8,0;8,0;8,1;8,1;7,9;7,4;7,2;6,6;6,5;6,0;5,4;5,8;6,2;6,5;7,2;7,7;7,7;8,2;8,1;8,0;7,7;7,7;7,6;7,6;8,0;8,2;8,4;8,6;8,8;9,1;9,3;9,2;9,2;9,1;9,3;9,3;9,5;9,7;9,5;9,6;9,9;9,8
2410;Chinon;24;Centre-Val-de-Loire;6,3;6,8;6,7;7,3;7,4;7,3;7,5;7,4;7,2;7,3;7,3;7,5;7,5;7,1;7,0;6,8;6,9;6,4;6,5;6,3;6,0;6,5;6,6;6,7;7,1;7,7;7,4;7,5;7,6;7,3;7,2;7,1;7,1;7,1;7,0;7,2;7,2;7,2;7,5;7,7;7,7;7,9;7,9;7,7;8,1;7,9;8,2;8,2;7,9;8,1;8;8,1
2411;Loches;24;Centre-Val-de-Loire;6,8;7,0;6,9;6,9;7,2;6,8;6,7;7,0;6,7;6,7;7,1;7,0;6,8;6,9;6,9;6,6;6,6;6,2;6,2;6,0;5,4;5,7;5,9;6,3;6,9;7,3;7,0;7,2;7,3;7,2;7,6;7,2;7,6;7,6;7,8;8,0;8,1;8,5;8,6;8,7;8,9;8,9;8,8;8,9;8,7;8,6;8,9;9,1;9;9,2;9,2;9,1
2412;Tours;24;Centre-Val-de-Loire;7,0;7,2;7,1;7,6;7,7;7,5;7,6;7,6;7,3;7,4;7,6;7,7;7,8;7,5;7,4;6,9;7,0;6,8;6,6;6,1;5,8;6,2;6,3;6,4;7,3;7,8;7,8;8,1;8,0;7,9;7,8;7,7;7,7;7,6;7,7;7,9;8,1;8,2;8,4;8,8;9,0;9,1;9,0;8,9;8,9;8,9;9,3;9,5;9,3;9,3;9,4;9,3
2413;Blois;24;Centre-Val-de-Loire;6,7;7,0;7,2;7,7;7,9;7,6;7,7;7,6;7,4;7,6;7,7;7,9;7,9;7,7;7,7;7,4;7,3;7,0;7,0;6,5;5,9;6,2;6,4;6,9;7,6;8,1;7,8;8,1;8,0;7,8;7,5;7,5;7,3;7,3;7,6;7,8;7,8;8,1;8,3;8,6;8,9;8,9;8,9;8,7;8,7;8,7;8,9;9,2;9;8,9;9;8,9
2414;Romorantin-Lanthenay;24;Centre-Val-de-Loire;9,5;9,7;9,8;10,2;10,5;10,5;10,5;10,5;10,2;9,9;9,7;9,7;9,4;8,9;8,5;8,0;7,9;7,5;7,9;7,5;6,9;6,9;7,1;7,4;8,3;9,1;9,0;9,3;8,8;8,7;8,7;8,7;8,8;8,5;8,9;8,9;8,8;9,0;9,1;9,5;9,9;10,1;10,1;9,9;10,1;10,1;10,4;10,5;10,2;10,4;10,5;10,4
2415;Vendôme;24;Centre-Val-de-Loire;6,4;6,7;6,6;6,8;6,9;6,8;6,8;6,9;6,7;6,6;6,6;6,7;6,7;6,5;6,4;6,1;5,9;5,6;5,8;5,6;5,4;5,7;6,0;6,5;7,4;8,0;7,8;8,2;8,0;8,1;7,9;7,8;7,6;7,3;7,6;7,6;7,6;8,0;8,0;8,7;9,1;9,0;8,6;8,5;8,4;8,3;8,6;8,6;8,2;8,4;8,4;8,1
2416;Gien;24;Centre-Val-de-Loire;5,7;6,1;6,5;6,8;7,0;6,9;7,0;6,9;6,6;6,8;7,0;7,0;7,2;7,3;7,5;6,9;6,8;6,4;6,5;6,5;6,3;6,7;7,0;7,4;8,5;9,6;9,4;9,6;9,3;9,2;9,5;9,4;9,4;9,2;9,5;9,9;9,9;10,2;10,4;10,8;11,1;11,2;10,9;10,7;10,8;10,7;11;11,2;10,9;10,8;10,8;10,5
2417;Montargis;24;Centre-Val-de-Loire;7,9;8,1;7,9;8,5;8,9;8,6;8,7;8,9;8,6;8,8;9,0;9,3;9,5;9,5;9,4;9,0;8,8;8,4;8,4;8,0;7,5;7,7;8,1;8,4;9,5;10,2;10,1;10,8;10,8;10,7;10,9;11,0;10,7;10,7;11,1;11,5;11,7;12,2;12,2;12,6;13,0;13,1;12,9;12,6;12,9;12,8;13,1;13,4;13,1;13,1;13,3;13,2
2418;Orléans;24;Centre-Val-de-Loire;5,5;5,7;5,8;6,2;6,2;6,2;6,3;6,5;6,2;6,3;6,5;6,6;6,7;6,4;6,4;6,2;6,1;5,8;5,7;5,3;5,0;5,3;5,4;5,7;6,4;7,1;7,2;7,7;7,5;7,5;7,4;7,4;7,3;7,2;7,4;7,5;7,7;7,9;8,0;8,3;8,5;8,5;8,5;8,5;8,6;8,6;8,8;9,2;9;9;9;8,9
2419;Pithiviers;24;Centre-Val-de-Loire;5,3;5,7;5,8;6,3;6,3;6,0;6,0;6,1;5,8;6,1;6,3;6,5;6,7;6,5;6,5;6,3;6,3;6,2;6,0;5,6;5,0;5,2;5,6;6,0;6,7;7,2;6,8;7,3;7,5;7,5;7,5;7,4;7,3;7,3;7,7;8,0;8,1;8,5;8,6;9,0;9,1;9,1;9,1;9,1;9,2;9,1;9,2;9,4;9,3;9,4;9,6;9,6
2501;Bayeux;28;Normandie;7,4;7,6;7,6;7,7;7,7;7,4;7,4;7,4;7,2;7,5;7,8;8,0;8,2;8,3;8,4;7,6;7,6;7,2;6,9;6,3;6,2;6,3;6,5;7,0;7,9;8,2;7,9;8,0;7,9;7,8;7,7;7,7;8,0;7,9;8,2;8,4;8,6;8,8;8,9;9,1;9,2;9,2;9,2;8,9;8,8;8,8;9,1;9,2;9,2;9,2;9,2;9,3
2502;Caen;28;Normandie;8,3;8,6;8,4;8,9;8,9;8,6;8,7;8,8;8,5;8,8;9,0;9,1;9,1;8,9;8,8;8,5;8,4;8,0;7,7;7,1;6,6;6,8;7,1;7,6;8,4;8,9;8,7;9,1;8,9;9,0;8,9;8,8;8,8;8,8;8,9;9,0;9,1;9,3;9,5;9,9;10,0;9,9;9,8;9,5;9,7;9,7;9,9;10,1;9,9;9,9;10;9,8
2503;Honfleur;28;Normandie;8,2;8,3;8,5;8,8;8,9;8,5;8,7;8,9;8,5;8,6;8,7;8,6;8,5;8,5;8,1;7,7;8,0;7,5;7,0;6,6;6,3;6,4;6,9;7,2;7,9;8,5;8,3;8,9;8,6;8,5;8,5;8,2;8,3;8,3;8,2;8,4;8,4;8,4;8,6;9,0;9,2;9,5;9,4;9,2;9,3;9,3;9,6;9,6;9,5;9,6;9,8;9,4
2504;Lisieux;28;Normandie;8,6;8,8;8,6;8,9;8,8;8,6;8,9;9,1;8,9;8,9;9,1;9,2;9,3;9,2;8,8;8,3;8,4;8,1;7,8;7,2;6,9;7,0;7,6;8,2;8,9;9,7;9,5;9,7;9,4;9,4;9,1;9,3;9,3;9,2;9,4;9,6;9,8;9,7;9,7;10,0;10,1;10,1;9,8;9,6;9,6;9,7;10,2;10,1;10,1;10;10,1;9,8
2505;Vire;28;Normandie;6,7;6,7;6,7;7,0;6,9;6,9;7,0;6,9;6,9;7,2;7,7;8,1;8,2;7,9;7,5;7,2;7,0;6,7;6,6;6,2;5,9;6,1;6,5;7,2;7,9;8,3;7,8;8,0;7,9;7,9;7,9;7,8;7,6;7,6;7,7;7,8;7,7;7,8;8,0;8,5;8,8;8,8;8,6;8,4;8,4;8,5;8,7;8,6;8,6;8,5;8,6;8,5
2506;Avranches;28;Normandie;5,0;5,1;5,0;5,2;5,3;5,0;5,3;5,2;4,9;5,3;5,4;5,5;5,6;5,4;5,4;5,3;5,3;5,0;4,9;4,5;4,4;4,5;4,7;5,0;6,0;6,5;6,3;6,5;6,3;6,3;6,0;5,9;6,0;6,0;6,0;6,1;6,1;6,2;6,2;6,7;6,7;6,8;6,8;6,8;6,8;6,8;6,9;7;6,8;6,8;6,9;6,6
2507;Cherbourg-Octeville;28;Normandie;9,1;9,1;8,8;9,1;9,5;9,2;9,5;9,7;9,5;9,5;9,6;9,8;9,9;9,7;9,7;9,3;9,1;8,8;8,5;7,9;7,5;7,8;8,0;8,2;9,3;9,5;9,1;9,5;9,4;9,1;9,0;9,1;9,2;9,1;9,0;9,0;9,0;9,3;9,3;9,5;9,6;9,6;9,5;9,3;9,4;9,4;9,6;9,6;9,5;9,4;9,5;9,3
2508;Coutances;28;Normandie;6,1;6,4;6,6;6,8;7,1;6,7;6,9;7,1;6,8;7,1;7,0;7,2;7,1;7,0;7,3;6,9;7,0;6,8;6,8;6,3;6,0;6,2;6,5;7,0;7,6;8,1;7,9;8,5;8,1;7,9;7,8;7,7;8,0;7,8;7,9;8,1;8,2;8,1;8,4;8,6;8,7;8,9;8,8;8,7;8,6;8,6;8,6;8,8;8,6;8,7;8,8;8,8
2509;Granville;28;Normandie;7,5;7,7;7,6;7,6;7,6;7,7;7,9;8,1;7,6;7,3;7,4;7,6;7,7;7,6;7,8;7,4;7,6;7,3;6,9;6,4;6,0;6,1;6,6;7,2;8,3;8,8;8,6;8,5;8,3;8,4;8,3;8,3;8,3;8,2;8,4;8,3;8,2;8,1;8,2;8,5;8,7;8,9;8,8;8,6;8,7;8,8;9,1;9,1;9;8,7;9;8,7
2510;Saint-Lô;28;Normandie;5,2;5,3;5,3;5,6;5,7;5,5;5,5;5,9;5,7;5,8;6,1;6,2;6,2;6,1;6,0;5,9;6,0;5,8;5,6;5,2;4,9;5,0;5,3;5,8;6,4;6,7;6,5;7,0;6,7;6,6;6,5;6,4;6,5;6,5;6,5;6,7;6,7;6,9;7,1;7,4;7,4;7,5;7,4;7,2;7,2;7,1;7,3;7,4;7,4;7,5;7,7;7,6
2511;Argentan;28;Normandie;8,4;8,7;8,5;9,1;9,8;9,9;10,1;10,1;10,0;10,1;9,8;9,8;9,5;9,0;9,2;9,0;8,7;8,3;8,3;7,7;7,6;7,8;8,5;8,9;9,6;10,1;9,7;9,7;9,3;9,1;8,8;9,2;9,3;9,1;9,2;9,1;9,3;9,4;9,4;9,6;9,7;9,9;9,8;9,3;9,2;9,2;9,3;9,4;9,4;9,4;9,3;9,4
2512;Flers;28;Normandie;6,5;6,8;6,7;7,0;7,2;7,0;7,3;7,3;7,3;7,5;7,8;7,9;8,0;7,9;7,8;7,2;7,6;7,0;7,0;6,0;5,7;6,0;6,5;7,1;8,3;8,6;8,3;8,7;8,8;8,8;8,4;8,4;8,4;8,2;8,2;8,2;8,4;8,5;8,7;9,1;9,1;9,1;9,1;8,8;8,9;8,9;9,2;9,2;8,9;9,2;9,5;9,5
2513;L' Aigle;28;Normandie;7,0;7,3;7,5;7,6;7,8;7,8;8,5;8,3;8,2;8,4;8,7;8,9;8,9;8,5;8,3;8,0;8,1;7,8;7,7;7,4;7,4;7,7;8,0;8,6;10,1;10,9;10,4;10,7;10,3;10,2;10,0;9,7;9,6;9,5;9,6;9,4;9,7;9,9;9,9;10,3;10,4;10,4;10,2;9,9;10,1;10,1;10,2;10,5;10,2;10,1;10,5;10,2
2601;Beaune;27;Bourgogne-Franche-Comté;5,9;6,2;6,2;6,6;6,6;6,3;6,5;6,5;6,5;6,4;6,6;6,7;6,7;6,7;6,3;5,9;6,1;5,8;5,6;5,3;4,9;4,9;5,1;5,4;6,0;6,4;6,3;6,7;6,6;6,7;6,7;6,6;6,5;6,4;6,5;6,7;6,9;7,1;7,1;7,4;7,6;7,7;7,8;7,2;7,3;7,2;7,4;7,5;7,1;7;7;7
2602;Chatillon;27;Bourgogne-Franche-Comté;6,5;6,4;6,2;6,4;6,1;6,1;6,3;6,3;6,3;6,4;6,7;6,9;7,5;7,5;7,6;7,0;7,2;6,4;6,6;6,1;5,8;6,0;6,0;6,2;7,6;7,9;8,1;8,7;8,8;8,6;8,6;8,6;8,6;8,3;8,4;8,7;8,9;9,1;9,3;9,7;9,9;10,0;9,6;9,0;9,2;9,4;9,9;9,9;9,8;9,7;9,8;9,9
2603;Dijon;27;Bourgogne-Franche-Comté;6,6;6,9;6,8;7,2;7,2;7,0;7,0;7,1;6,9;7,0;7,1;7,2;7,1;7,0;6,9;6,5;6,6;6,4;6,4;6,0;5,5;5,7;5,9;6,1;6,8;7,2;7,3;7,8;7,6;7,5;7,4;7,4;7,3;7,2;7,2;7,4;7,5;7,8;8,0;8,5;8,8;8,7;8,5;8,3;8,3;8,3;8,5;8,8;8,7;8,8;8,8;8,8
2604;Montbard;27;Bourgogne-Franche-Comté;6,2;6,5;6,5;6,7;6,8;6,6;6,7;6,7;6,3;6,5;6,8;6,8;7,0;6,8;7,0;7,1;6,8;6,5;6,1;5,6;5,1;5,6;5,9;6,2;7,1;7,6;7,9;8,0;7,8;7,5;7,1;7,0;7,1;7,1;7,3;7,3;7,2;7,7;7,9;8,3;8,4;8,3;8,4;8,3;8,1;8;8,3;8,5;8,5;8,7;8,8;8,9
2605;Morvan;27;Bourgogne-Franche-Comté;6,4;6,6;6,6;6,9;6,8;6,5;6,8;6,9;6,7;6,7;6,9;7,1;7,2;7,2;7,0;6,5;6,7;6,7;6,5;6,2;5,9;6,0;6,2;6,4;6,8;7,1;7,1;7,7;7,6;7,4;7,5;7,5;7,5;7,6;7,8;8,1;8,2;8,2;8,4;8,7;8,8;8,7;8,5;8,4;8,3;8,5;8,6;8,4;8,4;8,5;8,8;8,8
2606;Nevers;27;Bourgogne-Franche-Comté;7,4;7,6;7,8;8,1;8,3;8,0;8,0;8,2;8,1;8,5;8,6;8,6;8,5;8,4;8,4;8,2;8,1;7,6;7,7;7,4;7,0;7,1;7,3;7,8;8,8;9,5;9,4;9,6;9,1;9,3;9,2;8,9;9,0;8,9;9,2;9,6;9,6;9,7;9,7;10,0;10,0;9,9;9,8;9,7;9,6;9,4;9,5;9,5;9,4;9,5;9,6;9,5
2607;Autun;27;Bourgogne-Franche-Comté;9,1;8,9;8,6;9,4;9,2;9,3;9,2;9,4;8,9;8,8;9,2;9,2;9,3;9,1;9,0;8,4;8,1;7,8;7,8;7,3;7,3;7,6;7,6;8,0;8,4;9,1;8,7;9,3;9,0;8,8;8,8;8,8;8,7;8,5;8,4;8,7;8,7;8,9;9,1;9,3;9,6;9,9;9,8;9,5;9,4;9,7;10,1;10,7;10,4;10,6;10,8;10,8
2608;Chalon-sur-Saône;27;Bourgogne-Franche-Comté;7,5;7,5;7,3;7,8;7,9;7,5;7,5;7,5;7,3;7,4;7,6;7,8;7,8;7,7;7,5;7,0;7,1;6,8;6,6;6,2;5,9;6,1;6,4;6,5;7,7;8,2;8,2;8,6;8,6;8,5;8,4;8,3;8,2;8,3;8,6;8,9;9,0;9,0;9,0;9,3;9,5;9,5;9,3;8,9;9,0;9;9,1;9,4;9,3;9,3;9,4;9,3
2609;Louhans;27;Bourgogne-Franche-Comté;4,7;4,9;4,9;5,0;5,0;5,0;5,2;5,3;5,4;5,7;5,9;6,2;6,3;6,0;6,0;5,5;5,2;5,3;5,4;5,4;5,1;5,2;5,5;5,8;6,4;7,1;7,0;7,5;7,2;7,0;6,9;6,9;6,8;6,8;6,8;7,0;7,1;7,2;7,3;7,5;7,7;7,8;7,6;7,7;7,9;7,8;8,2;8,1;7,9;8;8,1;8,1
2610;Le Creusot-Montceau;27;Bourgogne-Franche-Comté;10,9;11,1;10,9;11,3;11,5;11,4;11,3;11,4;11,0;11,1;11,4;11,5;11,6;11,2;10,8;10,1;10,0;9,6;9,5;9,2;8,5;8,7;9,1;9,7;10,8;11,7;11,6;12,1;11,8;11,6;11,3;11,3;11,1;11,1;11,2;11,2;11,3;11,6;11,6;11,9;12,3;12,4;12,1;11,6;11,5;11,6;11,7;12;11,9;11,8;12;12
2611;Charolais;27;Bourgogne-Franche-Comté;6,8;7,0;7,0;7,2;7,2;6,9;6,9;6,8;6,8;7,0;7,4;7,4;7,4;7,2;7,2;6,6;6,7;6,2;6,0;5,6;5,3;5,5;5,9;6,7;7,6;8,3;8,4;8,4;8,3;8,2;8,0;8,0;7,8;7,6;7,8;7,8;7,9;8,1;8,2;8,4;8,4;8,2;8,0;7,6;7,9;7,8;8;8,1;7,9;7,9;8;7,9
2612;Auxerre;27;Bourgogne-Franche-Comté;6,8;7,0;6,9;7,5;7,6;7,4;7,4;7,6;7,3;7,4;7,6;7,8;7,9;7,8;7,7;7,3;7,3;7,0;6,9;6,4;5,9;6,2;6,6;7,2;8,1;8,5;8,5;8,8;8,5;8,5;8,5;8,4;8,3;8,2;8,4;8,7;8,6;9,0;9,2;9,5;9,7;9,5;9,4;9,1;9,2;9,1;9,3;9,6;9,4;9,5;9,6;9,5
2613;Avallon;27;Bourgogne-Franche-Comté;6,4;6,8;6,8;7,7;7,8;7,5;7,6;8,0;7,2;7,4;7,6;7,7;7,6;7,3;7,0;6,5;6,1;5,7;5,5;5,3;5,2;5,5;5,7;6,0;6,6;7,0;7,1;7,4;7,3;7,1;7,4;7,4;7,3;7,5;7,5;7,5;7,5;8,2;8,1;8,5;8,8;8,8;8,6;8,2;7,9;7,9;8,2;8,3;8,2;8,4;8,4;8,8
2614;Sens;27;Bourgogne-Franche-Comté;7,4;7,7;7,9;8,4;8,6;8,4;8,5;8,7;8,5;8,8;8,9;9,1;9,2;9,0;9,0;8,6;8,4;7,9;7,9;7,3;6,9;7,2;7,6;7,9;9,1;9,6;9,5;9,8;9,7;9,6;9,7;9,5;9,6;9,5;9,5;9,8;9,8;10,4;10,9;11,3;11,5;11,3;11,1;11,0;10,9;10,7;11;11,2;11;10,9;10,9;10,7
3110;Roubaix-Tourcoing;32;Nord-Pas-de-Calais-Picardie;11,9;12,0;11,8;12,2;12,4;12,2;12,5;12,5;12,2;12,5;12,8;13,1;13,4;13,2;13,1;12,4;12,7;12,3;12,3;11,3;11,0;11,1;11,4;11,7;12,8;13,5;13,6;14,1;14,0;14,2;14,1;14,0;13,7;13,7;13,7;13,9;14,1;14,3;14,4;14,8;14,9;14,9;14,8;14,7;14,7;14,5;14,8;15,1;14,8;14,7;14,9;14,7
3111;Lille;32;Nord-Pas-de-Calais-Picardie;9,3;9,5;9,4;9,8;10,0;9,8;10,0;10,2;9,9;10,1;10,3;10,6;10,8;10,4;10,2;9,8;9,8;9,5;9,4;8,9;8,4;8,5;8,6;9,0;9,6;10,0;10,1;10,7;10,4;10,4;10,5;10,5;10,2;10,1;10,3;10,5;10,5;10,7;10,7;11,1;11,2;11,2;11,1;11,0;10,9;10,9;11,1;11,3;11,1;11;11,2;10,9
3112;Dunkerque;32;Nord-Pas-de-Calais-Picardie;9,9;10,0;9,9;10,5;10,8;10,5;10,7;10,8;10,6;10,9;11,2;11,3;11,5;11,3;11,1;10,5;10,6;10,2;10,3;9,8;9,4;9,6;9,9;10,2;11,6;12,1;11,9;12,3;12,0;12,0;11,8;11,8;11,8;11,7;11,7;11,8;11,9;11,9;12,1;12,4;12,6;12,5;12,4;12,0;11,9;11,7;12;12,1;12;11,9;12,1;11,9
3113;Flandre-Lys;32;Nord-Pas-de-Calais-Picardie;6,6;7,0;7,1;7,3;7,6;7,4;7,5;7,6;7,3;7,4;7,7;7,9;8,1;8,0;7,8;7,5;7,3;6,8;6,7;6,4;6,0;6,2;6,3;6,4;7,3;7,9;7,8;8,0;7,8;7,6;7,6;7,6;7,5;7,5;7,5;7,7;7,8;7,9;7,9;8,3;8,4;8,4;8,3;8,0;8,1;8;8,2;8,4;8,3;8,3;8,4;8,3
3114;Douai;32;Nord-Pas-de-Calais-Picardie;11,2;10,9;10,6;11,2;11,4;11,3;11,5;11,8;11,6;12,2;12,9;13,3;13,4;13,1;12,8;12,5;12,4;11,9;11,9;11,5;10,8;11,1;11,5;12,2;13,2;13,6;13,2;13,7;13,4;13,4;13,5;13,5;13,1;13,0;13,2;13,4;13,5;13,8;14,0;14,8;15,1;14,9;14,6;14,3;14,2;14,1;14,2;14;13,8;13,6;13,7;13,6
3115;Valenciennes;32;Nord-Pas-de-Calais-Picardie;12,5;12,6;12,3;13,0;13,4;13,2;13,2;13,4;12,9;13,1;13,5;13,7;13,6;13,2;12,9;12,5;12,7;12,3;12,2;11,7;10,8;11,1;11,4;12,2;13,5;14,5;14,2;14,5;14,2;14,3;14,4;14,3;14,0;13,9;13,9;14,1;14,1;14,4;15,0;15,8;16,1;15,9;15,6;15,4;15,3;15,1;15,2;15,4;15,2;15,3;15,7;15,5
3116;Cambrai;32;Nord-Pas-de-Calais-Picardie;8,9;9,0;8,8;9,4;9,5;9,4;9,6;9,7;9,5;9,7;10,0;10,4;10,6;10,5;10,2;9,7;9,6;9,5;9,6;9,4;8,9;9,3;9,7;10,3;11,2;11,5;11,4;11,9;11,4;11,3;11,3;11,3;11,2;11,2;11,3;11,4;11,5;11,8;12,1;12,8;13,0;12,9;12,6;12,5;12,4;12,3;12,5;12,8;12,5;12,6;12,8;12,8
3117;Maubeuge;32;Nord-Pas-de-Calais-Picardie;12,7;12,7;12,4;13,0;13,4;12,8;12,7;12,8;12,5;12,7;13,1;13,4;13,4;13,2;13,0;12,8;12,7;12,2;12,0;11,3;10,4;10,8;11,6;12,6;13,9;14,7;14,4;15,0;14,8;14,9;15,0;14,9;14,5;14,4;14,3;14,5;14,5;14,8;15,1;15,7;15,9;15,7;15,5;15,2;15,2;15,1;15,2;15,4;15,1;15,2;15,5;15,3
3121;Arras;32;Nord-Pas-de-Calais-Picardie;6,9;7,0;6,9;7,2;7,4;7,3;7,4;7,6;7,3;7,5;7,8;8,0;8,1;8,0;8,0;7,7;7,7;7,3;7,3;6,9;6,6;6,8;7,1;7,5;8,1;8,6;8,6;8,8;8,5;8,6;8,6;8,7;8,6;8,5;8,7;9,0;9,0;9,1;9,2;9,5;9,6;9,6;9,6;9,4;9,3;9,3;9,4;9,6;9,4;9,3;9,3;9,3
3122;Lens-Hénin;32;Nord-Pas-de-Calais-Picardie;13,7;13,6;13,2;14,0;14,5;14,5;14,6;14,8;14,3;14,6;15,3;15,7;15,9;15,6;15,5;14,9;14,8;14,1;13,8;13,1;12,8;13,1;13,4;13,9;15,2;15,7;15,4;15,8;15,4;15,3;15,2;15,0;14,9;15,0;15,1;15,5;15,7;16,0;16,2;17,0;17,2;17,0;16,9;16,5;16,5;16,4;16,6;16,8;16,5;16,3;16,5;16,1
3123;Béthune-Bruay;32;Nord-Pas-de-Calais-Picardie;9,9;10,3;10,1;10,5;10,8;10,6;10,7;10,9;10,6;10,8;11,2;11,5;11,8;11,6;11,5;10,9;10,9;10,6;10,4;9,9;9,5;9,8;9,7;9,9;10,9;11,8;11,5;11,6;11,4;11,3;11,3;11,2;11,0;11,1;11,2;11,4;11,6;11,9;12,1;12,6;12,9;12,8;12,6;12,2;12,3;12,3;12,5;12,6;12,4;12,3;12,5;12,3
3124;Saint-Omer;32;Nord-Pas-de-Calais-Picardie;10,1;10,5;10,0;10,4;10,6;9,9;10,0;10,2;10,5;10,9;11,5;12,1;12,2;12,1;12,0;11,2;10,9;10,5;10,6;10,3;9,8;9,9;10,1;10,3;10,9;11,3;11,3;11,6;11,2;11,1;11,2;11,5;11,3;11,2;11,6;11,8;11,9;12,2;12,2;12,5;12,7;12,7;12,5;12,5;12,4;12,2;12,5;12,7;12,6;12,6;12,8;12,3
3125;Calais;32;Nord-Pas-de-Calais-Picardie;12,2;12,5;12,4;12,9;13,5;13,2;13,5;13,5;13,1;13,2;13,7;14,2;14,6;14,9;15,2;14,5;14,4;13,7;13,4;13,3;12,7;13,2;13,4;13,4;14,3;15,6;15,5;15,9;15,5;15,6;15,5;15,4;15,3;15,2;15,2;15,6;15,7;15,9;16,0;16,8;16,9;16,7;16,3;16,0;15,8;15,5;16;16;15,9;15,9;16,1;15,7
3126;Boulogne-sur-mer;32;Nord-Pas-de-Calais-Picardie;11,1;11,3;11,3;12,0;12,1;11,8;12,1;12,3;11,7;11,8;12,3;12,7;13,0;13,1;12,8;12,5;12,4;11,7;11,4;11,2;10,9;11,1;11,3;11,5;12,1;12,7;12,4;12,8;12,5;12,5;12,7;12,9;12,9;13,0;13,2;13,5;13,7;13,8;13,9;14,6;14,8;14,7;14,3;14,1;14,0;13,7;13,9;14;13,9;14,1;14,3;14,1
3127;Berck-Montreuil;32;Nord-Pas-de-Calais-Picardie;6,7;6,9;6,8;7,2;7,3;7,2;7,2;7,3;7,0;7,1;7,4;7,5;7,7;7,7;7,6;7,3;7,2;6,8;6,8;6,7;6,5;6,7;6,8;7,4;7,9;8,4;8,4;8,6;8,3;8,3;8,4;8,5;8,6;8,4;8,6;8,8;8,9;9,3;9,5;9,9;10,1;10,0;9,9;9,7;9,6;9,8;10,1;10,1;10;10;10;9,9
4101;Longwy;44;Alsace-Champagne-Ardenne-Lorraine;7,3;7,6;7,8;8,0;8,4;8,2;8,3;8,5;8,0;8,1;8,2;8,4;8,5;8,5;8,7;8,1;8,2;8,0;7,8;7,3;6,9;6,9;7,2;7,7;8,6;9,5;9,7;10,0;9,5;9,4;9,5;9,4;9,1;8,9;9,0;9,3;9,5;9,9;9,9;10,3;10,6;10,7;10,6;10,7;10,6;10,4;10,6;10,8;10,6;10,5;10,6;10,3
4102;Lunéville;44;Alsace-Champagne-Ardenne-Lorraine;8,7;8,6;8,4;9,3;9,7;9,6;10,0;10,1;9,4;9,4;9,7;10,0;10,4;10,2;10,0;9,6;9,5;9,1;8,9;8,5;8,0;8,5;8,8;8,8;9,5;10,0;10,1;10,3;10,1;10,1;10,2;10,4;10,1;10,0;10,2;10,5;10,7;10,9;11,0;11,4;11,6;11,4;11,5;11,5;11,7;11,6;11,7;11,9;11,8;11,9;11,9;11,7
4103;Nancy;44;Alsace-Champagne-Ardenne-Lorraine;7,0;7,2;7,0;7,4;7,5;7,4;7,6;7,7;7,5;7,6;7,8;8,0;8,1;8,0;8,0;7,5;7,5;7,1;7,0;6,7;6,2;6,4;6,6;6,8;7,5;8,1;8,2;8,6;8,4;8,3;8,5;8,5;8,4;8,2;8,3;8,6;8,7;8,9;8,9;9,2;9,4;9,5;9,4;9,2;9,2;9,1;9,4;9,6;9,5;9,6;9,7;9,7
4104;Bar-le-Duc;44;Alsace-Champagne-Ardenne-Lorraine;6,9;7,0;6,8;7,2;7,2;7,0;6,9;7,1;7,1;7,2;7,5;7,7;7,9;7,9;8,0;7,6;7,6;7,3;7,2;6,8;6,4;6,6;6,8;6,9;7,7;8,3;8,3;8,8;8,6;8,4;8,4;8,3;7,9;7,7;8,1;8,4;8,6;8,8;8,6;9,0;9,1;8,8;8,7;8,4;8,4;8,5;8,5;8,8;8,6;8,6;8,6;8,4
4105;Commercy;44;Alsace-Champagne-Ardenne-Lorraine;7,6;7,8;7,9;8,5;8,6;8,5;8,7;8,9;9,0;9,5;10,0;10,2;10,2;10,0;10,0;9,5;9,9;9,6;9,5;9,0;8,5;8,5;8,4;8,6;9,4;10,2;10,6;11,2;10,6;10,6;10,7;10,7;10,3;10,1;10,4;10,6;10,7;11,0;11,2;11,9;12,2;12,0;11,6;11,3;11,3;11,2;11,5;11,8;11,6;11,6;11,5;11,4
4106;Verdun;44;Alsace-Champagne-Ardenne-Lorraine;7,7;7,7;7,6;8,0;8,4;8,3;8,5;8,6;8,6;8,9;9,2;9,6;9,8;9,8;9,9;9,3;9,6;9,1;9,1;8,5;8,1;8,4;8,6;9,1;9,8;10,6;10,8;10,8;10,5;10,2;10,3;10,5;10,4;10,3;10,7;10,9;11,0;11,1;11,2;11,6;11,8;11,8;11,5;11,4;11,5;11,1;11,2;11,4;11,3;11,2;11,1;10,9
4107;Metz;44;Alsace-Champagne-Ardenne-Lorraine;7,0;7,2;7,1;7,3;7,5;7,4;7,6;7,8;7,5;7,7;8,0;8,2;8,3;8,1;8,0;7,6;7,6;7,4;7,4;7,0;6,5;6,7;7,0;7,4;8,4;9,2;9,3;9,7;9,4;9,2;9,2;9,2;9,0;8,9;9,0;9,2;9,3;9,6;9,7;10,1;10,4;10,4;10,4;10,3;10,3;10,2;10,4;10,6;10,3;10,3;10,4;10,2
4108;Forbach;44;Alsace-Champagne-Ardenne-Lorraine;10,3;10,7;10,8;11,2;11,7;11,5;11,9;12,3;12,0;12,1;12,4;12,6;12,6;12,6;12,4;11,5;11,4;10,8;10,6;9,9;9,0;9,3;9,7;10,3;11,7;12,8;12,6;13,1;12,7;12,6;12,3;12,1;12,0;11,7;11,9;12,1;12,0;12,2;12,6;13,2;13,6;13,7;13,7;13,5;13,5;13,3;13,4;13,7;13,4;13,4;13,6;13,3
4109;Sarrebourg;44;Alsace-Champagne-Ardenne-Lorraine;5,4;5,5;5,6;5,9;6,1;5,9;5,9;6,2;5,9;6,1;6,5;6,5;6,5;6,4;6,2;5,4;5,5;5,2;5,3;5,2;4,7;5,1;5,4;5,8;6,8;7,5;7,5;7,7;7,4;7,2;7,2;7,0;6,8;6,7;6,8;7,0;7,0;7,3;7,2;7,7;8,1;8,1;8,1;8,0;8,0;8;8,2;8,4;8,3;8,2;8,3;8,1
4110;Sarreguemines;44;Alsace-Champagne-Ardenne-Lorraine;7,4;7,7;7,5;7,8;8,1;8,0;8,1;8,3;8,0;8,1;8,3;8,5;8,6;8,4;8,3;7,7;7,7;7,4;7,4;7,0;6,4;6,6;6,9;7,5;8,5;9,4;9,3;9,6;9,3;9,1;8,9;8,8;8,7;8,8;8,8;9,0;8,9;9,1;9,0;9,6;10,1;10,2;10,3;10,2;10,1;9,9;9,9;9,9;9,7;9,6;9,8;9,7
4111;Thionville;44;Alsace-Champagne-Ardenne-Lorraine;7,4;7,6;7,6;7,8;8,0;7,8;8,1;8,2;8,0;8,2;8,4;8,7;8,9;8,8;8,6;8,0;8,2;7,9;7,8;7,3;6,8;6,9;7,0;7,3;8,8;9,6;9,5;9,6;9,3;9,0;9,0;9,1;8,9;8,8;8,8;9,0;9,2;9,5;9,6;10,1;10,4;10,4;10,4;10,2;10,2;10;10,3;10,4;10,2;10,1;10,2;10
4112;Épinal;44;Alsace-Champagne-Ardenne-Lorraine;8,8;8,9;8,8;8,9;9,1;8,8;9,2;9,5;9,4;9,5;9,7;9,8;10,1;9,9;9,8;9,1;9,1;8,6;8,6;8,2;7,8;8,1;8,3;8,6;9,7;10,3;10,0;10,3;10,0;9,9;9,8;9,7;9,7;9,6;9,8;10,3;10,5;10,9;10,9;11,4;11,7;11,6;11,6;11,4;11,7;11,6;11,9;12,1;11,9;12;12,1;11,9
4113;Remiremont;44;Alsace-Champagne-Ardenne-Lorraine;7,5;7,5;7,5;7,7;8,0;7,6;8,0;8,1;7,9;7,9;8,2;8,6;8,7;8,7;8,6;8,1;8,2;7,6;7,5;6,9;6,5;7,0;7,4;7,9;8,9;9,7;9,4;9,4;9,1;9,0;9,1;9,1;8,8;8,7;9,1;9,5;9,7;9,9;10,1;10,5;10,6;10,7;10,7;10,4;10,6;10,4;10,7;11,1;10,9;10,9;10,9;10,8
4114;Saint-Dié-des-Vosges;44;Alsace-Champagne-Ardenne-Lorraine;9,8;10,1;9,9;10,0;10,2;9,9;10,7;11,0;11,0;11,3;11,6;11,9;12,3;12,1;11,9;11,2;11,2;10,5;10,5;10,0;9,7;10,1;10,5;11,1;12,6;13,3;12,9;13,0;12,5;12,4;12,4;12,2;12,0;12,1;12,3;12,8;13,0;13,4;13,3;14,0;14,4;14,4;14,3;14,3;14,5;14,4;14,5;14,5;14;14,3;14,4;14,2
4115;Neufchâteau;44;Alsace-Champagne-Ardenne-Lorraine;7,6;7,6;7,4;7,8;8,4;8,1;8,3;8,5;8,1;8,2;8,2;8,3;8,2;7,9;7,8;7,2;7,5;7,0;7,0;6,7;6,3;6,4;6,7;7,0;7,8;8,4;8,6;9,0;8,7;8,8;8,7;8,7;8,8;8,7;9,1;9,3;9,5;9,7;9,8;10,1;10,5;10,6;10,6;10,6;10,3;10,1;10,1;10,1;10,1;10,2;10,5;10
4201;Haguenau;44;Alsace-Champagne-Ardenne-Lorraine;5,6;5,9;5,8;6,1;6,3;6,2;6,2;6,1;6,0;6,0;6,2;6,5;6,5;6,3;6,1;5,5;5,4;5,0;5,1;4,6;4,4;4,7;4,8;5,0;6,1;7,2;7,3;7,7;7,3;6,9;6,7;6,5;6,3;6,3;6,3;6,2;6,4;6,6;6,6;7,1;7,4;7,4;7,3;7,1;7,1;7,1;7,3;7,5;7,4;7,4;7,6;7,4
4202;Molsheim-Obernai;44;Alsace-Champagne-Ardenne-Lorraine;4,4;4,5;4,5;4,9;4,9;4,8;4,9;5,1;5,0;5,1;5,2;5,3;5,3;5,2;5,1;4,6;4,5;4,2;4,3;4,3;3,9;4,1;4,3;4,6;5,4;6,1;6,0;6,3;6,1;5,8;5,7;5,6;5,6;5,6;5,7;5,9;5,9;5,9;6,2;6,7;6,9;6,9;6,8;6,5;6,7;6,6;6,7;6,7;6,6;6,6;6,8;6,8
4203;Saverne;44;Alsace-Champagne-Ardenne-Lorraine;5,4;5,6;5,8;6,3;6,3;6,1;6,1;6,3;6,1;6,2;6,4;6,6;6,7;6,5;6,4;5,9;5,5;5,3;5,6;5,1;4,6;4,8;4,9;5,2;6,0;6,9;7,0;7,3;7,0;6,7;6,7;6,6;6,3;6,2;6,3;6,6;6,8;7,0;7,2;7,4;7,6;7,6;7,6;7,5;7,6;7,5;7,6;7,7;7,6;7,7;7,8;7,8
4204;Sélestat;44;Alsace-Champagne-Ardenne-Lorraine;5,3;5,5;5,4;5,9;6,0;5,8;6,0;6,4;6,2;6,4;6,5;6,6;6,7;6,5;6,3;5,8;5,8;5,5;5,5;5,3;5,1;5,5;5,6;5,8;6,7;7,2;7,2;7,6;7,5;7,3;7,4;7,3;7,1;7,1;7,1;7,2;7,3;7,2;7,4;7,8;8,0;7,8;7,7;7,5;7,5;7,5;7,7;7,8;7,8;7,8;7,8;7,7
4205;Strasbourg;44;Alsace-Champagne-Ardenne-Lorraine;7,1;7,4;7,2;7,8;8,0;7,9;8,2;8,5;8,4;8,5;8,7;8,9;9,1;9,0;8,8;8,3;8,4;8,0;7,9;7,4;7,1;7,4;7,5;7,7;8,6;9,3;9,4;9,9;9,6;9,5;9,3;9,3;9,1;9,0;9,2;9,3;9,4;9,5;9,6;9,9;10,2;10,2;10,1;10,0;10,0;10;10,3;10,5;10,3;10,3;10,5;10,3
4206;Wissembourg;44;Alsace-Champagne-Ardenne-Lorraine;5,1;5,5;5,4;5,9;5,9;5,8;5,9;6,1;6,0;6,1;6,1;5,9;5,9;5,6;5,5;4,8;4,7;4,4;4,5;3,9;3,7;4,1;4,1;4,2;5,3;6,4;6,5;6,9;6,6;6,2;6,1;5,8;5,6;5,5;5,5;5,5;5,7;5,8;5,9;6,2;6,2;6,3;6,3;6,3;6,1;6;6,1;6,1;6,2;6,3;6,3;6,2
4207;Colmar;44;Alsace-Champagne-Ardenne-Lorraine;5,3;5,4;5,4;5,8;5,9;5,8;6,0;6,2;6,1;6,4;6,6;6,6;6,8;6,6;6,5;5,9;6,2;6,1;6,2;6,0;5,4;5,6;5,7;6,0;7,0;7,9;7,7;7,9;7,8;7,7;7,7;7,7;7,6;7,3;7,3;7,6;7,6;7,8;7,9;8,1;8,4;8,4;8,3;8,1;8,2;8,1;8,2;8,4;8,2;8,2;8,3;8,3
4208;Mulhouse;44;Alsace-Champagne-Ardenne-Lorraine;6,8;7,2;7,4;8,1;8,4;8,4;8,8;9,0;8,9;9,2;9,6;9,9;10,3;10,3;10,4;9,9;9,7;9,3;9,1;8,7;8,0;7,9;7,9;8,4;9,5;10,2;10,0;10,5;10,2;10,0;10,1;10,0;9,6;9,7;10,0;10,3;10,4;10,7;10,8;11,4;11,7;11,6;11,5;11,3;11,3;11,2;11,4;11,7;11,5;11,5;11,7;11,7
4209;Saint-Louis;44;Alsace-Champagne-Ardenne-Lorraine;4,2;4,5;4,8;5,3;5,7;5,7;6,0;6,3;6,2;6,4;6,6;6,7;6,8;6,8;6,7;6,3;6,3;5,9;5,9;5,6;5,0;5,0;4,9;5,1;5,7;6,4;6,5;6,9;6,7;6,4;6,3;6,4;6,1;6,0;6,2;6,4;6,5;6,6;6,5;6,9;7,2;7,2;7,3;7,3;7,4;7,4;7,5;7,7;7,6;7,7;7,8;7,7
4301;Besançon;27;Bourgogne-Franche-Comté;6,5;6,6;6,6;7,1;7,1;6,9;6,9;7,1;7,0;7,2;7,3;7,4;7,4;7,4;7,4;7,0;7,0;6,7;6,6;6,3;5,9;6,2;6,4;6,7;7,7;8,2;8,1;8,6;8,3;8,0;7,8;7,7;7,5;7,4;7,5;7,6;7,6;7,7;7,8;8,2;8,4;8,4;8,2;8,0;8,1;8;8,3;8,6;8,4;8,4;8,5;8,2
4302;Belfort-Montbéliard-Héricourt;27;Bourgogne-Franche-Comté;7,9;7,9;8,3;9,3;9,6;9,4;9,5;9,3;9,1;9,4;9,9;10,1;10,4;10,8;10,9;10,3;10,1;9,4;9,1;8,5;8,0;8,2;8,5;9,1;10,8;11,6;11,2;11,5;11,3;11,2;11,0;10,7;10,3;10,1;10,3;10,4;10,6;11,1;11,6;12,4;12,6;12,4;12,2;12,1;12,3;12,1;12,4;12,6;12,3;12,2;12,2;11,8
4303;Morteau;27;Bourgogne-Franche-Comté;4,9;5,2;5,3;6,2;5,9;5,4;5,0;4,7;4,6;4,9;5,1;5,2;5,2;4,9;4,9;4,6;4,2;3,9;3,7;3,2;3,1;3,3;3,5;4,1;5,1;7,0;7,8;8,8;8,7;8,0;7,3;6,8;6,1;5,6;5,4;5,5;5,5;5,8;6,1;6,5;6,8;7,0;6,9;6,8;6,7;6,6;7;7,1;7,3;7,5;7,8;7,9
4304;Pontarlier;27;Bourgogne-Franche-Comté;5,5;5,4;5,2;5,7;5,9;5,7;5,8;5,9;5,7;5,8;5,9;5,9;5,9;5,7;5,7;5,3;5,3;5,1;5,0;4,6;4,4;4,5;4,6;5,0;5,9;6,8;7,0;7,5;7,1;6,7;6,3;6,0;5,8;5,6;5,7;5,9;6,1;6,2;6,4;6,6;6,7;6,9;7,0;6,9;7,0;6,8;7;7,3;7,3;7,2;7,2;7,2
4305;Dole;27;Bourgogne-Franche-Comté;7,1;7,2;6,9;7,4;7,3;7,0;7,0;7,2;7,0;7,2;7,3;7,4;7,7;7,7;7,6;7,2;7,0;6,6;6,5;6,4;6,0;6,5;6,8;7,2;8,2;8,9;9,0;9,3;8,9;8,4;8,2;8,0;7,8;7,7;7,7;7,9;8,0;8,4;8,5;9,0;9,2;9,2;9,1;8,9;8,9;8,6;9;9,2;9,1;9,1;9;9,1
4306;Lons-le-Saunier;27;Bourgogne-Franche-Comté;5,1;5,3;5,1;5,7;5,7;5,5;5,5;5,6;5,5;5,7;5,8;6,0;6,2;6,0;5,9;5,5;5,5;5,2;5,2;4,9;4,7;5,0;5,2;5,5;6,4;6,8;6,7;6,9;6,8;6,7;6,5;6,2;6,2;5,9;5,9;6,0;6,1;6,1;6,3;6,5;6,6;6,7;6,6;6,5;6,6;6,3;6,6;6,8;6,7;6,8;6,8;6,8
4307;Saint-Claude;27;Bourgogne-Franche-Comté;6,8;7,0;6,9;7,7;7,9;7,4;7,4;7,4;7,3;7,6;7,6;7,4;7,3;7,1;7,1;6,9;7,1;6,7;6,6;6,3;5,7;6,2;6,7;7,7;9,4;10,3;9,8;10,2;9,7;9,2;8,4;7,9;7,3;7,1;7,3;7,4;7,4;7,4;7,4;8,1;8,2;8,1;8,3;8,3;8,4;8,4;8,5;8,7;8,7;8,7;8,6;8,4
4308;Gray;27;Bourgogne-Franche-Comté;6,5;6,9;7,2;7,5;7,7;6,9;6,9;7,1;7,1;7,2;7,7;7,8;7,8;7,6;7,3;7,1;7,0;6,8;6,5;5,9;5,6;6,1;6,6;6,9;8,2;8,9;8,3;8,4;8,3;7,9;7,3;7,4;7,6;7,5;7,8;8,1;8,2;8,6;8,8;9,4;9,6;9,5;9,5;9,4;9,5;9,6;9,7;10;9,8;9,9;10,1;9,5
4309;Vesoul;27;Bourgogne-Franche-Comté;6,5;6,3;6,1;6,5;6,7;6,7;7,0;7,2;7,2;7,4;7,7;7,9;8,0;8,0;7,9;7,7;7,6;7,1;7,0;6,6;6,3;6,6;6,8;7,3;8,4;9,2;8,8;9,1;8,8;8,5;8,0;7,9;7,8;7,9;8,2;8,4;8,6;9,0;9,3;10,0;10,1;9,9;9,7;9,6;9,6;9,8;10;10,3;10;9,6;9,6;9,1
5201;Ancenis;52;Pays de la Loire;5,1;4,9;5,0;5,4;5,3;5,2;5,5;5,4;5,1;5,5;5,6;5,7;6,0;5,8;5,6;5,4;5,2;4,9;4,8;4,3;4,0;4,2;4,6;5,3;6,4;7,0;7,1;7,4;7,1;6,8;6,5;6,2;5,7;5,5;5,6;5,6;5,6;5,8;5,9;6,2;6,3;6,3;6,1;5,9;5,9;5,7;6;6,2;6,1;6,1;6,4;6,2
5202;Châteaubriant;52;Pays de la Loire;6,2;6,5;6,4;6,8;7,0;6,9;7,0;7,1;6,9;6,9;7,1;7,2;7,0;6,7;6,6;6,2;6,1;5,9;5,6;5,2;5,0;5,1;5,3;5,7;6,7;7,8;8,0;8,7;8,6;8,4;8,3;8,0;7,6;7,3;7,0;7,2;7,3;7,6;8,1;8,3;8,4;8,4;8,3;8,3;8,6;8,5;8,6;8,9;8,7;8,8;8,9;8,7
5203;Nantes;52;Pays de la Loire;7,2;7,3;7,2;7,5;7,7;7,4;7,5;7,5;7,2;7,4;7,4;7,5;7,5;7,3;7,3;6,9;6,9;6,6;6,4;6,0;5,6;5,7;5,9;6,2;6,9;7,5;7,6;8,0;7,7;7,6;7,4;7,3;7,2;7,0;7,2;7,3;7,4;7,5;7,6;7,8;8,0;8,1;8,1;8,0;8,1;8,1;8,3;8,5;8,5;8,5;8,6;8,4
5204;Saint-Nazaire;52;Pays de la Loire;7,7;7,9;8,5;9,1;9,5;9,3;9,2;9,1;8,5;8,7;8,6;8,5;8,4;8,4;8,6;8,1;8,1;7,9;7,4;6,7;6,0;6,0;6,2;6,6;7,5;8,4;8,7;9,3;9,1;9,0;9,1;9,0;8,7;8,3;8,1;8,3;8,3;8,4;8,8;9,1;9,2;9,5;9,5;9,3;9,4;9,4;9,5;9,6;9,4;9,2;9,3;9,1
5205;Angers;52;Pays de la Loire;7,9;8,2;7,9;8,4;8,4;8,2;8,2;8,2;7,9;8,1;8,2;8,4;8,5;8,2;8,2;8,0;7,9;7,7;7,5;6,9;6,4;6,7;6,8;7,3;8,1;8,8;8,6;8,9;8,7;8,5;8,5;8,5;8,5;8,4;8,6;8,8;8,9;9,0;9,3;9,7;9,8;10,0;9,9;9,8;9,9;9,8;10,1;10,4;10,4;10,4;10,5;10,4
5206;Cholet;52;Pays de la Loire;5,5;5,6;5,5;5,8;5,9;5,7;5,7;5,8;5,6;5,8;5,9;6,0;6,0;6,0;6,0;5,6;5,4;4,9;4,8;4,4;4,1;4,4;4,6;5,2;6,1;6,8;6,7;7,0;6,7;6,4;6,3;6,1;5,9;5,9;6,0;6,2;6,4;6,6;6,8;7,1;7,4;7,4;7,4;7,2;7,3;7,1;7,3;7,5;7,5;7,4;7,4;7,3
5207;Saumur;52;Pays de la Loire;8,1;8,2;7,9;8,7;8,6;8,5;8,6;8,6;8,2;8,3;8,6;8,7;9,2;9,1;8,7;8,6;8,4;8,1;8,1;7,5;6,9;7,2;7,5;8,1;8,8;9,6;9,4;9,5;9,4;9,3;9,3;9,2;9,0;9,0;9,2;9,5;9,6;9,7;9,8;10,3;10,5;10,4;10,2;10,2;10,3;10,3;10,6;10,8;10,6;10,6;10,7;10,5
5208;Segré;52;Pays de la Loire;4,2;4,4;4,2;4,9;4,9;4,9;5,2;5,3;5,2;5,3;5,4;5,4;5,7;5,5;5,4;4,9;5,1;5,0;4,8;4,4;4,1;4,3;4,6;5,2;6,5;6,8;6,5;6,8;6,6;6,3;6,1;5,9;5,8;6,0;6,2;6,4;6,6;6,9;7,1;7,4;7,8;7,5;7,3;7,0;7,3;7;7,2;7,3;7,2;7,2;7,2;7,3
5209;Laval;52;Pays de la Loire;4,9;5,1;5,0;5,1;5,3;5,1;5,3;5,4;5,3;5,3;5,5;5,6;5,6;5,6;5,5;5,2;5,1;4,8;4,9;4,4;4,2;4,5;4,7;5,4;6,0;6,6;6,5;6,7;6,5;6,3;6,1;5,9;5,8;5,7;5,8;5,9;5,9;6,3;6,6;7,0;7,0;7,0;6,9;6,7;6,7;6,6;6,8;7,1;6,9;7;7,2;7
5210;Mayenne;52;Pays de la Loire;4,2;4,6;4,9;4,9;5,0;5,0;5,0;5,2;5,1;5,3;5,5;5,6;5,5;5,2;4,9;4,7;4,7;4,4;4,5;4,3;4,1;4,2;4,5;4,8;5,4;5,8;5,5;6,0;5,8;5,8;5,7;5,6;5,3;5,2;5,3;5,5;5,6;5,9;6,2;6,6;6,6;6,7;6,6;6,4;6,4;6,3;6,7;7;7,1;7,1;7,2;7,1
5211;La Ferté-Bernard;52;Pays de la Loire;5,5;5,8;6,0;6,2;6,3;6,2;6,3;6,3;5,9;5,9;6,0;6,3;6,6;6,0;5,8;5,1;5,2;5,1;5,2;4,9;4,8;5,1;5,4;6,4;7,2;7,9;7,3;7,0;6,7;6,7;6,4;6,5;6,5;6,5;6,9;7,1;7,3;7,4;7,7;8,5;8,7;9,1;8,6;8,3;8,2;8,2;8,7;8,9;8,6;8,8;8,9;8,7
5212;La Flèche;52;Pays de la Loire;6,9;6,9;6,5;7,0;7,1;7,2;7,3;7,4;7,1;7,3;7,6;7,7;8,2;8,2;8,3;8,0;8,4;7,7;7,3;7,0;6,5;6,5;6,8;7,5;8,5;9,4;9,8;9,7;9,5;9,0;8,9;8,8;8,7;8,4;8,4;8,6;8,7;9,1;9,5;9,9;10,2;10,4;10,2;9,6;9,9;9,8;10,1;10,4;10,2;10,3;10,5;10,6
5213;Le Mans;52;Pays de la Loire;6,6;6,8;6,5;6,9;7,1;7,0;7,2;7,4;7,2;7,3;7,6;7,8;8,0;7,9;7,9;7,7;7,6;7,0;7,0;6,4;6,0;6,3;6,5;7,0;8,0;8,8;9,0;9,2;8,9;8,8;8,8;8,7;8,5;8,4;8,5;8,7;8,8;9,0;9,2;9,8;10,0;10,1;10,0;9,8;9,8;9,9;10,1;10,4;10,3;10,3;10,5;10,2
5214;Sablé-sur-Sarthe;52;Pays de la Loire;5,6;5,6;5,5;5,7;5,8;6,1;6,3;6,1;5,7;5,9;6,2;6,5;7,0;6,7;6,6;6,5;6,5;6,1;6,1;5,9;5,5;5,7;6,0;6,9;8,2;8,4;8,4;8,3;8,1;8,2;8,1;7,7;7,5;7,2;7,2;7,4;7,5;7,9;8,2;8,5;8,5;8,6;8,3;8,1;8,3;8,1;8,5;8,7;8,5;8,5;8,8;8,7
5215;Challans;52;Pays de la Loire;7,2;7,4;7,5;7,6;7,6;7,3;7,7;7,9;7,8;8,1;8,1;8,2;8,4;8,2;8,1;7,7;7,8;7,1;7,0;6,7;6,2;6,4;6,6;7,4;8,5;9,2;9,4;9,7;9,3;9,2;9,0;8,7;8,6;8,4;8,7;8,9;9,0;9,1;9,3;9,5;10,0;10,3;10,1;9,8;9,9;10;10,3;10,3;10,1;10,1;10,2;9,8
5216;Fontenay-le-Comte;52;Pays de la Loire;6,6;6,9;7,0;7,3;7,4;7,2;7,1;7,1;6,8;7,0;7,2;7,3;7,3;7,1;7,1;6,7;6,7;6,3;6,3;5,7;5,3;5,8;6,0;6,7;7,8;8,3;7,8;8,5;8,3;8,2;8,3;8,1;7,9;8,0;8,4;8,6;8,8;8,9;9,2;9,8;9,9;10,0;9,9;9,6;9,9;9,6;9,6;9,8;9,7;9,5;9,6;9,6
5217;Les Herbiers;52;Pays de la Loire;3,7;3,9;4,1;4,2;4,3;4,4;4,3;4,2;3,9;4,1;4,2;4,3;4,2;4,4;4,5;3,9;3,8;3,5;3,4;3,0;2,9;3,1;3,5;4,2;5,1;5,9;5,7;5,7;5,3;5,2;5,0;4,8;4,6;4,5;4,7;4,9;5,1;5,2;5,5;5,7;5,6;5,6;5,6;5,6;5,7;5,7;5,7;5,8;5,9;5,8;5,7;5,5
5218;La Roche-sur-Yon;52;Pays de la Loire;5,7;5,7;5,8;6,0;6,1;6,0;6,1;6,1;5,9;6,1;6,4;6,5;6,6;6,4;6,3;5,9;5,9;5,6;5,6;5,5;5,2;5,3;5,5;6,2;7,3;8,0;7,9;8,1;7,7;7,5;7,5;7,4;7,1;7,0;7,1;7,2;7,4;7,6;7,7;8,0;8,2;8,4;8,4;8,4;8,5;8,4;8,6;8,8;8,8;8,7;8,9;8,7
5219;Les Sables-d'Olonne;52;Pays de la Loire;8,7;8,8;8,8;9,1;9,3;9,1;9,4;9,3;8,9;9,2;9,5;9,6;9,6;9,3;8,9;8,5;8,5;7,9;7,9;7,9;7,4;7,5;7,6;8,0;9,1;10,0;10,2;10,6;10,3;10,1;10,2;10,1;9,9;9,8;10,0;10,2;10,4;10,4;10,6;10,6;11,0;11,2;11,3;11,0;11,1;11,2;11,5;11,6;11,5;11,4;11,4;11,2
5301;Dinan;53;Bretagne;7,9;8,0;7,9;8,3;8,4;7,9;7,9;7,8;7,5;7,7;7,8;7,9;8,1;8,0;7,8;7,5;7,5;7,3;7,1;6,8;6,2;6,2;6,5;6,9;7,5;8,3;8,3;8,7;8,8;8,6;8,5;8,6;8,5;8,5;8,6;8,9;9,1;9,3;9,5;9,8;9,9;10,1;9,9;9,6;9,7;9,7;10;10;9,8;9,8;9,8;9,8
5302;Guingamp;53;Bretagne;7,4;7,4;7,2;7,6;7,8;7,6;7,8;7,8;7,6;7,6;7,8;7,9;8,0;7,9;7,8;7,6;7,6;7,4;7,2;6,8;6,1;6,3;6,5;6,8;7,2;7,8;7,9;8,0;7,9;7,8;8,0;8,1;8,4;8,3;8,4;8,7;8,8;9,0;9,3;9,5;9,7;9,8;9,8;9,7;10,1;10,1;10,3;10,4;10,3;10,4;10,6;10,6
5303;Lannion;53;Bretagne;9,1;9,3;9,4;9,6;9,6;9,3;9,3;9,3;8,8;8,9;8,8;8,8;8,7;8,5;8,4;8,0;8,0;7,7;7,4;7,0;6,5;6,8;6,9;7,2;7,7;8,2;8,4;8,5;8,6;8,5;8,3;8,3;8,1;7,9;8,0;8,4;8,5;8,6;8,8;9,2;9,4;9,6;9,6;9,5;9,7;9,8;10;10,1;9,8;9,9;10;9,8
5304;Loudéac;53;Bretagne;4,0;4,2;4,3;4,5;4,6;4,3;4,7;4,7;4,5;4,6;4,8;5,0;5,2;5,0;4,8;4,5;4,4;4,2;4,1;3,8;3,7;4,0;4,3;4,5;5,0;5,3;5,3;5,5;5,5;5,3;5,4;5,6;5,6;5,7;5,7;6,0;6,0;6,1;6,3;6,6;6,8;6,9;7,0;6,7;6,6;6,6;6,9;7,1;7,1;7,1;7;7,1
5305;Saint-Brieuc;53;Bretagne;6,2;6,4;6,3;6,6;6,6;6,5;6,7;6,7;6,5;6,7;6,8;7,1;7,2;6,9;6,9;6,5;6,5;6,3;6,2;5,8;5,4;5,7;5,9;6,1;6,8;7,3;7,4;7,6;7,5;7,4;7,4;7,4;7,4;7,3;7,5;7,7;7,8;7,9;8,0;8,4;8,6;8,8;8,8;8,7;8,7;8,7;8,9;9,1;9;9;9;9
5306;Brest;53;Bretagne;7,0;7,1;7,1;7,3;7,5;7,3;7,6;7,6;7,4;7,5;7,6;7,7;7,7;7,6;7,7;7,2;7,4;7,1;7,0;6,6;6,2;6,3;6,4;6,6;7,3;7,8;7,7;8,3;8,1;8,0;7,9;7,9;7,8;7,7;7,7;7,9;8,0;8,2;8,3;8,8;8,9;9,0;9,0;8,8;8,8;8,7;8,9;9,2;9;9,1;9,3;9,2
5307;Carhaix-Plouguer;53;Bretagne;5,4;5,6;5,7;6,1;6,1;5,9;6,3;6,4;6,7;6,8;6,5;6,6;6,7;6,7;6,7;6,5;6,4;6,1;6,3;5,6;5,1;5,4;5,8;6,0;6,3;6,8;7,0;7,4;8,1;7,8;7,9;7,9;7,7;7,8;8,3;8,6;9,0;9,2;9,2;9,4;9,5;9,7;9,6;9,5;9,7;9,4;9,8;10,3;10;10,2;10,2;10,4
5308;Morlaix;53;Bretagne;7,0;7,2;7,3;7,7;7,8;7,6;7,6;7,9;7,5;7,6;7,8;7,9;7,9;7,9;8,1;7,9;7,9;7,6;7,6;7,2;6,9;6,9;6,8;7,0;7,4;8,0;8,3;8,7;8,5;8,5;8,5;8,5;8,6;8,4;8,6;8,7;8,8;8,9;9,1;9,5;9,5;9,6;9,6;9,5;9,6;9,7;9,8;10;9,9;9,9;10;9,9
5309;Quimper;53;Bretagne;6,8;7,0;7,0;7,4;7,5;7,4;7,4;7,5;7,3;7,5;7,7;7,7;7,9;7,7;7,6;7,2;7,2;6,9;6,9;6,6;6,2;6,3;6,5;6,7;7,2;7,6;7,8;8,1;7,9;7,8;7,7;7,6;7,6;7,6;7,9;8,1;8,3;8,5;8,7;9,0;9,2;9,3;9,2;9,1;9,2;9,1;9,3;9,3;9,1;9,2;9,4;9,1
5310;Fougères;53;Bretagne;5,0;5,4;5,3;5,7;5,4;5,4;5,4;5,5;5,5;5,4;5,7;5,7;5,8;5,7;5,8;5,7;5,9;5,6;5,2;4,6;4,6;4,8;5,1;5,4;6,6;7,0;6,7;7,1;6,9;6,9;6,7;6,7;6,6;6,3;6,4;6,4;6,6;7,0;7,1;7,3;7,3;7,6;7,6;7,4;7,3;7,2;7,3;7,5;7,4;7,4;7,4;7,4
5311;Redon;53;Bretagne;6,9;7,3;7,5;8,1;7,7;7,1;7,0;7,0;7,1;7,5;7,7;7,8;7,7;7,4;7,5;7,1;7,2;7,0;6,9;6,5;6,1;6,0;6,3;6,7;8,1;8,7;8,1;8,3;7,9;7,9;7,8;8,0;7,5;7,3;7,9;7,9;8,3;8,7;8,9;9,2;9,5;9,7;9,7;9,5;9,4;9,3;9,6;9,8;9,6;9,6;9,5;9,7
5312;Rennes;53;Bretagne;6,1;6,2;6,2;6,5;6,5;6,0;5,9;5,9;5,7;6,1;6,3;6,5;6,6;6,4;6,5;6,1;6,1;5,9;5,7;5,3;4,9;5,0;5,1;5,5;6,2;6,8;6,8;7,1;7,0;6,8;6,7;6,8;6,6;6,5;6,7;6,9;7,1;7,4;7,5;8,0;8,1;8,1;8,0;7,8;7,8;7,8;8;8,2;8;8;8,1;8
5313;Saint-Malo;53;Bretagne;8,2;8,3;8,1;8,5;8,5;8,1;8,2;8,3;7,9;8,1;8,3;8,3;8,3;8,0;8,0;7,6;7,6;7,5;7,3;6,8;6,5;6,4;6,6;7,1;7,8;8,7;8,6;9,0;8,8;8,7;8,5;8,1;8,1;8,1;8,1;8,6;8,8;9,1;9,4;9,8;9,7;9,7;9,5;9,2;9,0;9;9,3;9,3;9,4;9,4;9,5;9,2
5314;Vitré;53;Bretagne;4,0;4,2;4,2;4,5;4,5;4,3;4,3;4,2;4,1;4,4;4,3;4,4;4,7;4,6;4,6;4,3;4,1;3,9;4,0;3,7;3,4;3,6;3,8;4,1;4,7;5,3;5,1;5,4;5,2;5,0;4,8;4,7;4,4;4,4;4,6;4,7;4,8;5,0;5,2;5,7;6,0;5,9;5,6;5,5;5,4;5,4;5,6;5,6;5,6;5,5;5,5;5,5
5315;Lorient;53;Bretagne;8,5;8,5;8,3;8,7;8,8;8,6;8,5;8,5;8,3;8,4;8,7;8,8;8,9;8,6;8,6;8,2;8,4;8,3;8,2;7,7;7,2;7,4;7,5;7,8;8,5;9,1;8,9;9,5;9,2;8,8;8,6;8,6;8,4;8,3;8,4;8,6;8,7;9,1;9,1;9,6;9,9;10,0;10,0;9,9;10,0;10;10,2;10,4;10,2;10,3;10,4;10,4
5316;Ploermel;53;Bretagne;4,7;5,0;5,1;5,0;5,3;5,0;5,2;5,3;5,1;5,3;5,4;5,9;5,9;5,9;5,9;5,3;5,5;5,3;5,2;4,8;4,5;4,7;5,2;5,6;6,4;6,8;6,6;6,9;6,7;6,8;6,9;7,2;7,2;7,1;7,1;7,2;7,4;7,4;7,5;7,8;7,9;8,1;8,2;8,0;8,1;7,9;8,1;8,5;8,1;8,1;8,2;8,2
5317;Pontivy;53;Bretagne;4,8;4,8;5,0;5,3;5,4;5,3;5,4;5,6;5,4;5,5;5,3;5,2;5,4;5,3;5,5;5,4;5,3;5,3;5,4;5,0;4,6;4,8;5,0;5,4;5,9;6,6;6,3;6,9;6,9;6,7;6,7;6,6;6,4;6,4;6,5;6,7;7,0;7,3;7,1;7,7;7,9;7,9;7,7;7,5;7,6;7,8;8;8,2;8;8,1;8,1;8,1
5318;Vannes;53;Bretagne;6,9;7,1;6,9;7,3;7,5;7,2;7,2;7,1;6,9;7,0;7,2;7,4;7,5;7,4;7,3;6,8;6,7;6,4;6,4;6,1;5,8;5,8;5,9;6,4;7,1;7,9;7,9;8,1;8,0;7,8;7,8;7,8;7,7;7,7;7,7;7,9;8,0;8,2;8,4;8,7;8,9;9,1;9,0;8,8;8,9;8,9;9,1;9,2;9,1;9,2;9,3;9,2
5401;Thouars-Loudun;75;Aquitaine-Limousin-Poitou-Charentes;6,7;6,8;6,7;7,2;7,2;7,1;7,1;6,9;6,8;6,8;7,1;7,3;7,5;7,4;7,4;6,5;6,6;6,1;6,3;5,7;5,5;5,9;6,1;6,4;7,3;7,8;7,7;8,0;7,9;7,6;7,6;7,6;7,4;7,3;7,6;7,6;8,0;8,1;8,2;8,3;8,4;8,5;8,4;8,1;8,3;8,3;8,5;9;8,7;8,6;8,7;8,7
5402;Châtellerault;75;Aquitaine-Limousin-Poitou-Charentes;7,8;8,0;7,9;8,4;8,4;8,2;8,3;8,2;8,4;8,7;8,9;9,4;9,3;9,0;8,8;8,2;7,9;7,6;7,4;6,8;6,7;7,2;7,9;8,8;9,8;10,5;9,8;10,2;9,8;9,7;9,6;9,5;9,2;9,1;9,2;9,6;9,5;9,7;9,9;10,0;10,2;10,2;10,1;9,3;9,6;9,7;10;10,2;10,2;10;10;9,8
5403;Angoulême;75;Aquitaine-Limousin-Poitou-Charentes;8,1;8,3;8,2;8,6;8,8;8,4;8,4;8,6;8,4;8,6;8,9;8,9;8,9;8,8;8,8;8,2;8,3;8,1;8,2;7,8;7,5;7,6;7,6;8,0;8,7;9,4;9,3;9,5;9,2;9,1;9,0;9,1;9,2;9,2;9,5;9,8;10,0;10,3;10,4;10,8;10,8;10,8;10,5;10,3;10,2;10,2;10,5;10,7;10,5;10,4;10,7;10,5
5404;Jonzac-Barbezieux-Saint Hilaire;75;Aquitaine-Limousin-Poitou-Charentes;7,8;8,0;7,9;8,1;8,3;8,0;8,0;8,1;7,9;8,1;8,5;8,6;8,6;8,4;8,3;7,6;7,9;7,3;7,2;6,8;6,4;6,4;6,5;6,8;7,5;7,9;8,0;8,4;8,4;8,4;8,5;8,5;8,7;8,3;8,8;8,9;8,9;9,1;9,2;9,5;9,6;9,5;9,1;9,1;9,1;8,9;9,5;9,8;9,6;9,7;10;9,6
5405;Cognac;75;Aquitaine-Limousin-Poitou-Charentes;6,9;7,1;7,0;7,1;7,4;7,3;7,3;7,4;7,1;7,3;7,6;7,5;7,6;7,4;7,5;6,7;6,8;6,5;6,7;6,3;6,0;6,2;6,4;6,9;7,8;8,6;8,5;8,8;8,4;8,4;8,1;8,1;8,0;7,8;8,0;8,2;8,2;8,4;8,4;8,8;8,9;8,9;8,9;8,7;8,7;8,7;8,9;8,9;8,6;8,4;8,6;8,5
5406;Saintes-Saint Jean d'Angely;75;Aquitaine-Limousin-Poitou-Charentes;7,9;8,1;8,0;8,4;8,6;8,4;8,4;8,7;8,5;8,7;9,0;9,2;9,2;8,9;8,8;8,5;8,6;8,2;8,1;7,7;7,2;7,5;7,7;8,0;8,7;9,4;9,5;9,9;9,9;9,8;9,7;9,8;9,7;9,5;9,7;9,9;9,8;10,1;10,1;10,3;10,5;10,5;10,4;10,1;10,2;10,2;10,6;10,9;10,7;10,8;11;10,9
5407;Royan;75;Aquitaine-Limousin-Poitou-Charentes;9,6;10,0;9,9;10,2;10,4;10,4;10,7;10,6;10,3;10,4;10,9;11,0;10,9;10,5;10,4;9,7;9,9;9,4;9,1;8,6;8,2;8,4;8,4;9,0;9,7;10,3;10,2;10,8;10,5;10,3;10,5;10,5;10,4;10,1;10,3;10,6;10,6;10,7;11,0;11,4;11,7;11,9;11,7;11,4;11,4;11,3;11,8;11,9;11,8;12;12,1;11,7
5408;Rochefort;75;Aquitaine-Limousin-Poitou-Charentes;9,9;10,0;10,1;10,5;10,7;10,6;10,7;10,7;10,5;10,8;11,2;11,3;11,2;11,0;10,8;10,1;10,1;9,5;9,4;8,9;8,4;8,5;8,6;9,3;10,2;11,0;11,2;11,8;11,3;11,0;10,9;10,8;10,8;10,5;10,6;10,7;10,9;11,1;11,2;11,7;11,9;12,2;12,0;11,6;11,8;11,7;12,1;12,2;12;12;12,1;11,9
5409;La Rochelle;75;Aquitaine-Limousin-Poitou-Charentes;9,3;9,5;9,2;9,7;9,9;9,6;9,6;9,8;9,5;9,5;9,7;9,8;9,7;9,4;9,5;8,9;8,9;8,5;8,3;7,8;7,5;7,8;7,9;8,3;9,0;9,6;9,7;10,2;9,8;9,4;9,3;9,4;9,2;9,0;9,1;9,2;9,5;9,7;9,6;10,0;10,3;10,6;10,7;10,4;10,4;10,3;10,6;10,9;10,7;10,8;10,9;10,8
5410;Niort;75;Aquitaine-Limousin-Poitou-Charentes;6,1;6,4;6,2;6,3;6,4;6,2;6,2;6,2;6,0;6,1;6,4;6,5;6,6;6,5;6,5;5,8;5,9;5,9;5,9;5,2;5,1;5,3;5,5;5,6;6,2;6,8;6,9;7,2;7,1;7,1;7,0;6,8;6,7;6,6;6,7;6,8;7,0;7,2;7,3;7,7;7,7;7,8;7,7;7,5;7,6;7,6;7,8;8,1;8;8;8;7,7
5411;Parthenay;75;Aquitaine-Limousin-Poitou-Charentes;6,4;6,4;6,3;6,8;6,8;6,5;6,6;6,4;6,2;6,2;6,6;7,0;7,2;7,1;6,8;6,1;6,0;5,8;5,4;5,3;5,0;5,6;5,8;6,3;7,1;7,7;7,7;7,8;7,6;7,6;7,6;7,4;7,1;6,9;7,2;7,6;7,9;8,0;7,8;8,4;8,4;8,5;8,5;8,3;8,0;8;8,3;8,9;8,8;8,8;8,9;8,9
5412;Bressuire;75;Aquitaine-Limousin-Poitou-Charentes;5,7;6,0;6,0;6,0;6,0;5,6;5,2;4,9;4,7;5,0;5,5;6,2;6,5;6,2;5,8;5,0;5,0;4,6;4,7;4,3;4,0;4,2;4,6;5,1;5,8;6,5;6,1;6,7;6,4;6,2;6,0;5,9;5,8;5,6;5,9;6,0;6,2;6,4;6,6;7,1;7,1;7,2;7,1;6,8;7,0;6,9;7;7,3;7,3;7,3;7,5;7,5
5413;Poitiers;75;Aquitaine-Limousin-Poitou-Charentes;6,2;6,3;6,2;6,5;6,6;6,5;6,7;6,9;6,7;6,8;6,9;7,1;7,2;7,0;7,1;6,8;6,7;6,3;6,3;5,8;5,6;5,8;5,9;6,3;6,8;7,2;7,3;7,7;7,4;7,3;7,3;7,4;7,3;7,2;7,3;7,4;7,4;7,5;7,5;7,8;7,9;8,0;7,8;7,5;7,6;7,6;7,9;8,1;8;7,9;8;7,9
7201;Bergerac;75;Aquitaine-Limousin-Poitou-Charentes;8,2;8,2;8,1;8,6;8,8;8,7;8,7;8,7;8,5;8,7;9,2;9,2;9,4;9,2;8,9;8,4;8,6;8,1;8,2;7,8;7,6;7,8;8,0;8,4;9,3;9,6;9,9;10,0;9,8;10,0;10,1;10,3;10,3;10,3;10,7;11,1;11,1;11,5;11,3;11,7;11,9;11,9;11,8;11,7;11,6;11,5;11,7;12;11,7;11,7;11,8;11,6
7202;Périgueux;75;Aquitaine-Limousin-Poitou-Charentes;6,9;7,1;7,1;7,4;7,6;7,4;7,4;7,6;7,4;7,6;7,9;7,9;8,0;7,7;7,6;7,2;7,3;7,0;7,0;6,5;6,2;6,5;6,8;7,0;7,6;8,2;8,1;8,4;8,3;8,3;8,4;8,6;8,7;8,6;8,8;9,2;9,3;9,6;9,8;10,1;10,1;10,0;10,0;10,0;10,0;9,9;10,2;10,5;10,4;10,4;10,3;10,2
7203;Sarlat-la-Canéda;75;Aquitaine-Limousin-Poitou-Charentes;8,3;8,4;8,5;8,6;8,7;8,6;8,7;8,5;8,3;8,5;8,7;8,8;8,7;8,4;8,7;8,5;8,5;8,1;7,7;7,5;7,2;7,2;7,5;7,8;8,5;9,1;9,4;9,6;9,3;9,3;9,2;9,0;9,0;9,2;9,4;9,9;10,0;10,2;9,9;10,2;10,3;10,3;10,4;10,2;10,5;10,5;10,7;11;10,8;10,8;11;10,8
7204;Bordeaux;75;Aquitaine-Limousin-Poitou-Charentes;8,5;8,6;8,4;9,1;9,2;9,0;9,0;9,1;8,8;9,0;9,1;9,1;9,1;8,8;8,6;8,1;8,1;7,8;7,6;7,1;6,8;6,9;7,1;7,4;7,9;8,4;8,5;8,8;8,7;8,8;8,8;8,8;8,8;8,7;9,0;9,2;9,3;9,4;9,4;9,7;9,9;9,8;9,7;9,7;9,7;9,7;10;10,1;10,1;10,1;10,1;10
7205;Libourne;75;Aquitaine-Limousin-Poitou-Charentes;8,0;7,9;7,8;8,5;8,2;8,3;8,5;8,6;8,5;8,6;8,8;9,1;9,2;9,0;8,7;8,4;8,6;8,1;8,1;7,6;7,3;7,5;8,0;8,2;8,9;9,6;9,4;9,9;9,9;10,0;10,1;10,0;9,9;9,7;10,3;10,6;10,6;10,8;10,7;11,0;11,1;11,2;11,1;10,9;11,0;10,8;11,1;11,3;11,2;11,3;11,5;11,4
7206;Pauillac;75;Aquitaine-Limousin-Poitou-Charentes;8,8;8,8;9,0;9,8;9,6;9,5;10,0;9,8;9,7;10,0;10,3;10,0;10,1;9,9;9,4;9,1;9,3;8,8;8,8;8,4;8,0;8,0;8,2;8,6;9,1;9,6;9,6;9,8;10,1;10,0;10,3;10,4;10,3;9,9;10,4;10,8;10,5;10,6;10,7;10,9;11,0;11,1;10,9;10,8;10,8;10,6;10,9;11;10,8;10,8;10,9;10,5
7207;La Teste-de-Buch;75;Aquitaine-Limousin-Poitou-Charentes;8,4;8,5;8,6;8,9;9,0;8,8;9,2;9,6;9,2;9,6;10,1;9,9;9,8;9,8;9,5;8,8;8,8;8,4;8,1;7,6;7,3;7,6;7,8;8,1;8,5;9,4;9,3;9,6;9,5;9,4;9,5;9,5;9,6;9,6;9,7;9,9;9,9;10,0;10,2;10,6;10,9;10,9;10,9;10,9;11,0;11,1;11,3;11,4;11,3;11,4;11,4;11,2
7208;Dax;75;Aquitaine-Limousin-Poitou-Charentes;8,0;8,1;8,2;8,3;8,3;8,2;8,4;8,5;8,1;8,3;8,4;8,4;8,4;8,2;8,1;7,9;8,0;7,6;7,5;7,0;6,8;7,0;7,3;7,6;8,3;8,9;9,0;9,1;8,9;8,8;8,9;9,0;8,9;8,9;8,9;9,3;9,4;9,7;9,9;10,1;10,3;10,5;10,6;10,4;10,4;10,4;10,5;10,7;10,6;10,7;10,6;10,5
7209;Agen;75;Aquitaine-Limousin-Poitou-Charentes;7,7;7,9;7,8;8,1;8,2;8,2;8,3;8,3;8,0;8,1;8,2;8,5;8,7;8,5;8,5;8,2;8,1;7,7;7,5;6,9;6,7;6,9;7,2;7,5;8,0;8,3;8,3;8,6;8,6;8,7;8,6;8,5;8,5;8,2;8,4;8,7;8,8;9,0;9,3;9,7;9,6;9,6;9,5;9,3;9,4;9,3;9,4;9,7;9,5;9,6;9,7;9,6
7210;Marmande;75;Aquitaine-Limousin-Poitou-Charentes;7,8;8,0;7,8;8,3;8,5;8,3;8,1;8,0;7,7;7,9;8,2;8,3;8,5;8,3;8,3;7,6;7,7;7,2;7,2;6,8;6,6;6,9;7,3;7,6;8,2;8,7;8,8;9,1;9,1;9,0;8,9;8,8;8,9;8,8;9,0;9,4;9,2;9,4;9,4;9,8;10,0;10,0;9,9;9,5;9,5;9,6;10;10,1;10;9,9;10,3;10,2
7211;Villeneuve-sur-Lot;75;Aquitaine-Limousin-Poitou-Charentes;8,7;8,7;8,4;8,9;9,0;8,9;9,0;9,0;8,8;9,0;9,3;9,4;9,4;9,2;9,1;8,9;9,1;8,6;8,4;7,7;7,5;7,9;8,4;8,6;9,3;10,0;9,9;10,6;10,6;10,7;10,6;10,4;10,2;10,3;10,6;11,2;11,0;11,1;10,9;11,0;11,3;11,1;11,3;11,1;11,2;11,2;11,3;11,7;11,6;11,7;11,8;11,8
7212;Bayonne;75;Aquitaine-Limousin-Poitou-Charentes;7,7;7,9;7,7;7,8;7,9;7,6;7,6;7,6;7,4;7,5;7,6;7,6;7,6;7,3;7,3;6,9;7,2;7,0;6,9;6,5;6,2;6,3;6,5;6,8;7,5;8,0;8,0;8,1;8,0;7,9;8,0;8,1;7,9;7,9;8,0;8,2;8,4;8,6;8,8;9,0;9,2;9,1;9,0;8,9;8,9;8,7;9;9,2;9,1;9,1;9,1;8,9
7213;Oloron-Sainte-Marie;75;Aquitaine-Limousin-Poitou-Charentes;6,1;6,3;6,4;6,5;6,7;6,5;6,4;6,4;5,9;6,1;6,2;6,5;6,5;6,5;6,4;6,1;6,1;5,8;5,8;5,6;5,7;6,1;6,2;6,5;7,0;7,6;7,3;7,8;7,2;6,8;6,9;6,9;6,6;6,7;6,9;7,0;7,2;7,2;6,9;7,6;7,5;7,4;7,2;7,2;7,1;7,2;7,4;7,2;7;7;7,3;7,1
7214;Pau;75;Aquitaine-Limousin-Poitou-Charentes;7,2;7,3;7,2;7,6;7,7;7,5;7,5;7,5;7,3;7,3;7,4;7,4;7,4;7,2;7,1;6,7;6,8;6,7;6,7;6,2;5,9;6,1;6,2;6,4;7,1;7,5;7,5;7,9;7,8;7,6;7,5;7,5;7,4;7,4;7,5;7,6;7,6;7,8;7,8;8,0;8,2;8,2;8,2;8,1;8,3;8,2;8,4;8,6;8,6;8,5;8,5;8,4
7301;Foix-Pamiers;76;Languedoc-Roussillon-Midi-Pyrénées;8,0;8,1;8,1;8,5;8,6;8,3;8,5;8,7;8,7;9,0;9,2;9,5;9,6;9,5;9,7;9,3;9,4;8,9;8,7;8,3;7,8;8,1;8,4;8,6;9,5;10,1;10,1;10,5;10,1;10,2;10,3;10,3;10,2;10,1;10,5;11,0;11,2;11,3;11,2;11,9;12,3;12,3;12,0;11,8;11,7;11,8;12,1;12,5;12,1;12,1;12,2;12,2
7302;Saint-Girons;76;Languedoc-Roussillon-Midi-Pyrénées;8,5;8,4;8,8;8,9;9,1;8,9;8,8;9,0;8,8;9,1;9,5;10,1;9,9;9,4;9,6;9,1;9,3;9,3;9,1;8,6;8,2;8,7;9,0;9,2;10,1;10,8;10,8;11,2;10,7;10,5;10,7;10,6;10,6;10,5;11,0;11,6;11,6;11,8;11,7;12,4;12,7;12,7;12,6;12,4;12,5;12,4;12,5;12,6;12,5;12,7;12,7;12,5
7303;Millau;76;Languedoc-Roussillon-Midi-Pyrénées;6,9;7,1;7,1;7,2;7,1;6,9;7,0;7,1;6,8;7,1;7,2;7,4;7,8;7,7;7,6;7,2;7,2;6,9;7,1;6,6;6,3;6,6;6,8;6,8;7,8;8,3;8,2;8,6;8,6;8,4;8,5;8,7;8,5;8,3;8,4;8,7;8,6;8,8;9,0;9,6;9,9;9,9;9,8;9,7;9,7;9,6;9,9;10;10;10,1;10,2;10,2
7304;Rodez;76;Languedoc-Roussillon-Midi-Pyrénées;4,4;4,5;4,4;4,4;4,5;4,4;4,5;4,5;4,4;4,5;4,6;4,7;4,8;4,7;4,8;4,5;4,4;4,1;4,1;4,0;3,8;4,0;4,3;4,6;5,0;5,3;5,2;5,4;5,4;5,5;5,4;5,3;5,3;5,1;5,2;5,4;5,5;5,7;5,9;6,3;6,6;6,6;6,5;6,3;6,4;6,3;6,3;6,3;6,3;6,4;6,5;6,5
7305;Villefranche-de-Rouergue;76;Languedoc-Roussillon-Midi-Pyrénées;5,8;5,9;5,9;6,3;6,4;6,3;6,2;6,0;5,9;6,1;6,6;6,9;6,8;6,8;6,8;6,0;6,2;6,2;6,1;5,7;5,5;5,9;6,0;6,3;6,8;7,3;7,4;7,9;7,5;7,2;7,2;7,3;7,2;7,0;7,2;7,4;7,5;7,7;7,8;7,9;8,4;8,6;8,6;8,5;8,3;8,4;8,7;8,6;8,2;8,2;8,9;8,6
7306;Saint-Gaudens;76;Languedoc-Roussillon-Midi-Pyrénées;7,8;7,7;7,7;7,9;8,1;8,0;8,0;8,3;8,1;8,3;8,7;9,0;8,9;8,8;8,6;8,3;8,4;8,2;8,1;7,8;7,4;7,9;8,3;8,8;9,4;9,7;9,7;10,3;10,0;9,9;10,1;10,1;10,0;10,1;10,2;10,5;10,6;10,9;10,8;10,9;11,2;11,1;11,0;10,7;10,5;10,4;10,7;10,9;10,6;10,8;11;11,1
7307;Auch;76;Languedoc-Roussillon-Midi-Pyrénées;5,5;5,6;5,5;5,7;5,8;5,7;5,8;6,1;5,8;5,9;6,2;6,4;6,6;6,5;6,3;5,9;5,8;5,6;5,8;5,5;5,3;5,5;5,5;5,6;6,2;6,5;6,6;6,9;6,9;6,9;6,9;7,1;7,1;7,1;7,3;7,4;7,5;7,5;7,6;8,1;8,4;8,6;8,4;8,3;8,3;8,1;8,3;8,6;8,5;8,6;8,7;8,6
7308;Cahors;76;Languedoc-Roussillon-Midi-Pyrénées;7,7;7,8;7,8;8,1;8,3;8,1;8,3;8,4;8,2;8,3;8,5;8,7;8,6;8,5;8,7;8,1;8,1;7,8;7,6;7,3;7,0;7,3;7,5;7,7;8,4;9,0;9,1;9,4;9,4;9,2;9,4;9,6;9,7;9,9;10,1;10,4;10,4;10,5;10,4;10,8;10,9;11,0;10,9;10,6;10,7;10,6;10,8;10,9;10,6;10,6;10,7;10,6
7309;Figeac;76;Languedoc-Roussillon-Midi-Pyrénées;5,8;6,0;5,9;6,3;6,4;6,1;6,1;6,1;5,9;6,2;6,6;6,5;7,0;7,0;7,0;6,1;6,0;5,7;5,7;4,9;4,9;5,2;5,5;5,6;5,9;6,5;6,6;6,8;6,6;6,5;6,5;6,6;6,7;6,5;7,0;7,1;7,3;7,3;7,4;7,7;7,9;8,0;7,6;7,5;7,5;7,4;7,6;7,7;7,8;7,8;8;8
7310;Tarbes-Lourdes;76;Languedoc-Roussillon-Midi-Pyrénées;8,7;8,8;8,8;9,2;9,4;9,0;9,0;9,2;8,8;8,9;9,0;9,1;9,2;9,1;8,9;8,5;8,7;8,3;8,3;7,9;7,4;7,6;7,9;7,9;9,2;9,7;9,8;10,4;10,1;9,8;9,8;9,7;10,0;9,8;9,9;10,1;10,5;10,7;10,7;11,2;11,3;11,4;11,3;11,2;11,2;11,1;11,4;11,6;11,4;11,6;11,7;11,5
7311;Albi;76;Languedoc-Roussillon-Midi-Pyrénées;7,7;7,7;7,6;7,7;7,8;7,7;7,8;7,9;7,6;7,8;8,0;8,3;8,5;8,4;8,7;8,5;8,5;8,2;8,0;7,6;7,2;7,5;7,9;8,1;8,7;9,2;9,3;9,5;9,4;9,6;9,6;9,8;9,8;9,7;10,0;10,2;10,3;10,3;10,3;10,7;10,9;10,8;10,7;10,5;10,5;10,5;10,7;10,9;10,7;10,8;10,9;10,8
7312;Castres-Mazamet;76;Languedoc-Roussillon-Midi-Pyrénées;9,3;9,5;9,5;9,8;10,0;9,7;9,9;9,8;9,5;9,7;10,0;10,4;10,6;10,4;10,5;10,1;10,2;9,7;9,5;8,9;8,6;9,1;9,1;9,5;10,0;10,6;10,3;10,5;10,3;10,3;10,3;10,3;10,4;10,4;10,5;10,9;11,0;11,0;11,1;11,4;11,5;11,6;11,6;11,4;11,4;11,5;11,8;11,8;11,6;11,5;11,5;11,5
7313;Montauban;76;Languedoc-Roussillon-Midi-Pyrénées;8,3;8,3;8,2;8,7;8,7;8,5;8,6;8,7;8,4;8,6;9,0;9,1;9,2;9,2;9,4;9,0;9,1;9,0;8,9;7,9;7,5;8,0;8,3;8,4;9,1;9,4;9,5;9,9;9,8;9,9;9,9;9,8;9,8;9,7;10,2;10,5;10,6;10,6;10,5;10,9;11,3;11,5;11,4;11,0;11,3;11,1;11,5;11,9;11,9;11,8;11,9;11,9
7401;Tulle;75;Aquitaine-Limousin-Poitou-Charentes;4,3;4,4;4,5;4,6;4,7;4,7;4,7;4,8;4,7;4,8;4,9;4,9;4,8;4,6;4,6;4,1;4,1;3,9;4,0;3,8;3,7;3,8;3,9;4,1;4,8;5,2;4,9;5,0;5,1;5,0;5,1;5,1;5,1;5,1;5,3;5,5;5,5;5,7;6,0;6,4;6,5;6,5;6,4;6,3;6,4;6,4;6,5;6,5;6,5;6,7;7;7
7402;Ussel;75;Aquitaine-Limousin-Poitou-Charentes;6,1;6,5;6,6;6,8;7,1;7,1;7,2;7,1;6,8;6,9;6,9;6,9;6,7;6,4;6,5;6,4;6,5;6,1;5,9;5,7;5,3;5,5;5,9;6,5;7,0;7,7;7,3;7,7;7,5;7,2;7,2;6,9;7,0;6,9;7,1;7,3;7,3;7,5;7,4;7,8;7,8;7,6;7,3;7,3;7,3;7,3;7,4;7,5;7,5;7,4;7,8;7,1
7403;Guéret;75;Aquitaine-Limousin-Poitou-Charentes;6,6;7,0;7,0;7,2;7,4;7,2;7,4;7,5;7,3;7,4;7,4;7,5;7,5;7,3;7,4;6,7;7,1;7,0;7,0;6,5;6,3;6,7;6,8;7,0;7,5;7,9;8,0;8,3;8,3;8,3;8,5;8,8;8,9;8,9;9,0;9,2;9,2;9,4;9,4;9,9;10,1;10,0;9,9;9,7;9,6;9,4;9,6;9,8;9,7;9,7;9,8;9,7
7404;Limoges;75;Aquitaine-Limousin-Poitou-Charentes;6,1;6,4;6,5;6,8;6,9;6,8;6,9;7,0;6,8;6,9;7,2;7,4;7,6;7,4;7,5;7,2;7,1;6,9;6,8;6,4;6,0;6,2;6,4;6,8;7,5;8,1;8,4;8,7;8,5;8,4;8,4;8,5;8,6;8,5;8,6;8,9;9,0;9,2;9,2;9,5;9,7;9,8;9,7;9,5;9,5;9,5;9,8;10;9,9;9,9;10;10
8201;Ambérieu-en-Bugey;84;Auvergne-Rhône-Alpes;5,6;5,8;5,6;6,0;6,1;6,0;6,1;6,2;6,0;6,0;6,2;6,1;6,2;6,0;5,9;5,3;5,2;5,1;5,3;4,8;4,6;4,9;5,2;5,5;6,6;7,1;7,2;7,5;7,5;7,3;7,0;7,0;6,8;6,7;6,9;6,9;7,2;7,3;7,4;7,6;7,7;7,6;7,5;7,3;7,2;7,2;7,6;7,8;7,8;7,7;7,6;7,6
8202;Bourg-en-Bresse;84;Auvergne-Rhône-Alpes;4,6;4,7;4,6;4,8;5,0;4,9;5,0;5,0;4,8;4,9;5,1;5,1;5,2;4,9;5,1;4,8;4,7;4,5;4,6;4,3;4,0;4,4;4,7;5,4;6,3;6,8;6,8;7,3;7,0;6,8;6,6;6,3;6,1;6,0;6,2;6,4;6,6;6,7;6,9;7,1;7,2;7,3;7,3;7,2;7,2;7;7,2;7,4;7,4;7,4;7,6;7,6
8203;Oyonnax;84;Auvergne-Rhône-Alpes;6,7;6,8;7,2;7,8;7,7;7,4;7,4;7,2;7,0;7,6;7,8;7,8;7,7;7,5;7,5;7,3;7,5;7,0;7,3;6,8;6,4;6,9;7,5;8,8;10,3;11,3;10,3;10,8;10,1;9,4;8,8;8,5;8,2;8,1;8,4;8,7;8,6;8,9;9,1;9,4;9,5;9,4;9,2;8,9;8,8;8,7;9,1;9,4;9,4;9,4;9,5;9,5
8204;Annonay;84;Auvergne-Rhône-Alpes;7,6;7,9;8,0;8,2;8,0;7,7;7,7;7,9;7,6;7,6;8,0;8,2;8,4;8,4;8,0;7,8;7,8;7,3;7,2;6,6;6,0;6,5;7,1;7,5;8,5;8,8;8,3;8,8;8,4;8,5;8,4;8,5;8,2;8,0;8,3;8,2;8,3;8,8;9,0;9,6;9,8;9,4;9,1;8,8;9,5;9,1;8,8;8,9;8,8;9;9,5;9,3
8205;Aubenas;84;Auvergne-Rhône-Alpes;9,8;10,0;10,2;10,4;10,3;10,1;10,3;10,4;10,1;10,3;10,6;10,8;11,1;11,2;11,3;11,0;11,4;11,2;11,0;10,3;9,8;10,2;10,6;11,1;11,8;12,2;12,3;12,7;12,3;12,1;11,9;11,8;11,9;11,8;12,2;12,5;12,4;12,6;12,6;13,0;13,4;13,6;13,7;13,3;13,4;13,2;13,4;13,7;13,5;13,7;13,9;13,9
8206;Montélimar;84;Auvergne-Rhône-Alpes;9,2;9,0;9,0;9,3;9,3;9,1;9,4;9,4;9,3;9,5;9,8;9,9;10,1;9,9;9,8;9,6;10,1;9,8;9,4;9,0;8,6;8,8;8,9;9,2;9,7;10,2;9,8;10,8;10,5;10,4;10,3;10,3;10,2;10,0;10,2;10,5;10,7;11,0;11,1;11,5;11,7;11,7;11,6;11,5;11,6;11,7;12,1;12,3;12,2;12,3;12,5;12,2
8207;Romans-sur-Isère;84;Auvergne-Rhône-Alpes;10,0;10,0;10,1;10,0;10,0;9,8;9,8;9,9;9,5;9,6;9,8;10,2;10,1;9,8;9,8;9,3;9,3;8,8;8,7;7,9;7,7;8,4;8,5;9,0;9,8;10,3;10,2;10,8;10,4;10,2;10,0;10,0;10,0;9,6;10,0;10,0;10,1;10,4;10,5;11,0;11,1;11,3;11,2;10,8;10,9;10,8;11,1;11,5;11,3;11,4;11,6;11,5
8208;Valence;84;Auvergne-Rhône-Alpes;8,2;8,3;8,4;8,7;8,7;8,4;8,6;8,7;8,3;8,5;8,6;8,7;8,7;8,3;8,2;7,6;7,8;7,6;7,4;7,0;6,7;7,1;7,3;7,5;8,2;8,6;8,4;9,1;8,7;8,6;8,6;8,6;8,6;8,5;8,8;9,0;9,1;9,4;9,5;10,0;10,1;10,1;9,8;9,6;9,6;9,6;10;10,1;10;10,1;10,3;10,2
8209;Bourgoin-Jallieu;84;Auvergne-Rhône-Alpes;6,8;7,2;7,1;7,4;7,4;7,2;7,4;7,5;7,4;7,5;7,6;7,5;7,4;7,2;7,1;6,6;6,9;6,7;6,7;6,3;5,9;6,1;6,2;6,5;7,9;8,9;8,7;8,7;8,6;8,5;8,5;8,3;8,2;8,1;8,2;8,5;8,7;8,8;8,9;9,2;9,3;9,2;9,0;8,8;8,9;8,9;9,1;9,2;9,2;9,3;9,4;9,5
8210;Grenoble;84;Auvergne-Rhône-Alpes;7,1;7,2;7,1;7,4;7,6;7,4;7,4;7,5;7,2;7,3;7,3;7,4;7,4;7,1;7,1;6,7;6,8;6,6;6,4;6,1;5,7;5,9;6,0;6,3;7,1;7,9;7,8;8,1;7,7;7,5;7,5;7,4;7,3;7,2;7,3;7,5;7,5;7,6;7,6;8,0;8,1;8,0;7,9;7,8;7,8;7,8;8;8,1;8,2;8,3;8,4;8,3
8211;Vienne-Roussillon;84;Auvergne-Rhône-Alpes;6,8;6,9;7,0;7,2;7,2;7,0;7,0;7,1;7,0;7,2;7,5;7,5;7,7;7,5;7,3;6,9;7,0;6,7;6,6;6,1;5,9;6,0;6,2;6,5;7,4;8,1;7,7;8,4;8,1;7,9;7,9;7,8;7,9;7,7;7,8;7,8;8,0;8,3;8,4;8,7;8,8;8,9;8,8;8,6;8,7;8,7;8,8;8,9;8,7;8,7;9;8,8
8212;Roanne;84;Auvergne-Rhône-Alpes;8,2;8,4;8,3;8,8;9,0;8,7;8,7;8,8;8,5;8,4;8,5;8,5;8,4;8,4;8,4;7,9;8,2;7,9;7,9;7,5;7,1;7,2;7,3;7,8;8,6;9,5;9,4;9,6;9,4;9,2;9,0;9,0;8,9;8,7;8,9;9,0;9,2;9,5;9,8;10,1;10,3;10,3;10,1;9,8;9,8;9,8;10;10,2;10;10;10;9,9
8213;Villefranche-sur-Saône;84;Auvergne-Rhône-Alpes;5,6;5,9;5,7;6,0;6,1;5,9;5,9;6,0;5,7;5,8;5,8;5,8;5,8;5,7;5,6;5,2;5,4;5,3;5,2;4,7;4,5;4,7;4,8;5,0;5,9;6,6;6,3;6,5;6,4;6,3;6,1;6,1;6,0;6,0;6,2;6,3;6,4;6,5;6,6;6,9;7,1;7,1;6,9;6,7;6,8;6,7;7;7,1;7;7,1;7,1;7,1
8214;Lyon;84;Auvergne-Rhône-Alpes;7,3;7,6;7,6;7,9;8,0;7,8;7,9;8,0;7,7;7,8;7,9;7,9;8,0;7,8;7,8;7,4;7,5;7,2;7,0;6,4;6,0;6,2;6,4;6,7;7,5;8,3;8,3;8,7;8,5;8,4;8,2;8,3;8,1;8,1;8,3;8,4;8,5;8,7;8,8;9,1;9,3;9,3;9,1;9,0;9,1;9;9,2;9,3;9,2;9,2;9,3;9,2
8215;Tarentaise;84;Auvergne-Rhône-Alpes;6,8;6,9;6,5;6,8;7,0;6,7;6,8;6,7;6,6;6,6;6,8;7,0;6,9;6,7;6,7;6,6;6,5;6,4;6,1;5,7;5,6;5,4;5,5;5,8;6,8;7,7;7,8;8,1;7,8;7,8;7,6;7,5;7,4;7,1;7,3;7,4;7,6;7,6;7,6;7,9;7,9;8,0;7,9;7,8;8,0;8,2;8,3;8,4;8,1;8,1;8,2;8
8216;Chambéry;84;Auvergne-Rhône-Alpes;6,7;6,7;6,6;6,8;7,1;6,8;6,7;6,8;6,5;6,6;6,7;6,7;6,6;6,4;6,5;5,9;5,9;5,9;5,9;5,3;5,1;5,3;5,5;5,6;6,6;7,4;7,4;7,8;7,8;7,6;7,3;7,4;7,3;7,1;7,2;7,2;7,4;7,5;7,6;7,8;7,9;7,9;7,9;7,7;7,8;7,9;8;8,2;8,2;8,2;8,2;8,1
8217;Maurienne;84;Auvergne-Rhône-Alpes;5,6;5,6;5,1;5,5;5,7;5,5;5,8;5,8;5,5;5,4;5,6;5,6;5,6;5,3;5,3;5,2;5,2;5,3;5,1;5,0;4,7;5,1;5,2;5,5;6,3;7,1;7,1;7,2;7,0;6,7;6,7;6,7;6,5;6,4;6,7;6,8;6,9;7,0;7,0;7,3;7,6;7,7;7,9;7,4;7,5;7,5;7,7;7,7;7,8;7,7;7,6;7,6
8218;Annecy;84;Auvergne-Rhône-Alpes;6,0;6,1;5,9;6,2;6,3;6,1;6,0;6,0;5,7;5,9;5,9;5,9;5,8;5,6;5,5;5,2;5,1;4,9;4,8;4,5;4,1;4,3;4,5;4,9;5,8;6,6;6,6;7,0;6,9;6,7;6,3;6,2;6,0;5,9;6,1;6,1;6,2;6,3;6,3;6,7;6,6;6,5;6,5;6,5;6,5;6,4;6,6;6,6;6,6;6,6;6,6;6,5
8219;Genevois Français;84;Auvergne-Rhône-Alpes;4,8;5,1;5,1;5,3;5,4;5,3;5,4;5,4;5,2;5,3;5,5;5,4;5,5;5,3;5,3;4,9;5,1;5,0;5,0;4,6;4,5;4,6;4,8;5,2;6,2;7,2;7,3;7,4;7,4;7,3;6,9;6,7;6,5;6,4;6,6;6,7;6,8;7,0;7,0;7,3;7,4;7,4;7,3;7,2;7,3;7,3;7,7;7,8;7,7;7,7;7,8;7,7
8220;Vallée de l'Arve;84;Auvergne-Rhône-Alpes;6,1;6,3;6,1;6,2;6,3;6,0;6,2;6,2;6,1;6,4;6,6;6,8;7,0;7,0;7,1;6,7;6,5;6,2;6,4;6,2;6,0;6,4;7,2;8,9;11,2;12,4;11,8;11,9;11,2;10,7;10,0;9,3;8,7;8,3;8,6;9,1;9,2;9,7;9,7;10,5;10,9;10,6;10,2;9,8;9,7;9,8;9,8;9,8;9,4;9,5;9,7;9,6
8221;Mont Blanc;84;Auvergne-Rhône-Alpes;5,1;5,1;4,9;5,0;5,1;4,8;4,9;4,9;4,8;4,8;4,9;5,0;4,8;4,7;4,7;4,5;4,6;4,5;4,3;4,1;4,1;3,8;4,2;4,1;5,0;5,6;5,8;6,0;5,9;6,1;5,8;5,8;5,6;5,4;5,4;5,4;5,6;5,6;5,7;5,9;6,0;6,1;6,2;6,1;6,1;6,1;6,2;6,3;6,2;6,2;6;6,1
8222;Chablais;84;Auvergne-Rhône-Alpes;6,8;6,6;6,5;6,8;6,8;6,7;6,7;6,7;6,5;6,7;6,8;6,8;6,8;6,6;6,6;6,1;6,2;5,9;6,0;5,7;5,4;5,6;5,9;6,1;6,8;7,5;7,6;7,7;7,7;7,8;7,7;7,7;7,4;7,2;7,4;7,6;7,8;7,9;7,9;8,1;8,3;8,3;8,3;8,3;8,2;8,1;8,5;8,5;8,4;8,4;8,4;8,4
8301;Montluçon;84;Auvergne-Rhône-Alpes;8,6;8,5;8,5;8,7;9,1;9,2;9,4;9,4;9,0;9,0;9,1;9,2;9,5;9,2;9,1;8,6;8,8;8,4;8,4;7,8;7,5;7,7;7,9;8,4;9,4;10,1;10,0;10,3;9,9;9,9;10,0;9,9;10,0;10,0;10,3;10,5;10,8;11,1;11,2;11,5;11,6;11,4;11,6;11,7;11,8;11,9;12;12,2;12,2;12,3;12,5;12,3
8302;Moulins;84;Auvergne-Rhône-Alpes;6,2;6,2;6,1;6,5;6,6;6,5;6,7;6,7;6,5;6,8;6,9;7,2;7,2;7,0;6,9;6,6;6,6;6,3;6,2;5,7;5,5;5,7;5,8;6,4;7,0;7,4;7,5;8,0;7,8;7,7;7,8;7,7;7,6;7,7;7,7;7,8;7,9;8,3;8,1;8,6;8,7;8,6;8,4;8,2;8,3;8,3;8,7;9;8,8;8,9;9;8,9
8303;Vichy;84;Auvergne-Rhône-Alpes;8,6;8,8;8,6;9,0;9,3;9,0;9,2;9,3;8,9;9,1;9,3;9,5;9,5;9,4;9,5;9,2;9,1;8,6;8,5;8,2;7,7;7,9;8,1;8,6;9,4;10,0;9,8;10,3;10,0;9,9;9,9;9,9;9,9;9,8;9,9;10,2;10,2;10,4;10,3;10,8;11,0;11,0;10,7;10,6;10,7;10,6;10,9;11;10,9;11;11,2;11,1
8304;Aurillac;84;Auvergne-Rhône-Alpes;5,4;5,4;5,4;5,7;5,9;5,8;5,7;5,8;5,7;5,9;6,2;6,3;6,4;6,3;6,2;5,6;5,9;5,5;5,5;5,1;4,8;5,0;5,2;5,5;5,9;6,2;6,0;6,2;5,9;5,7;5,7;5,7;5,8;5,8;6,3;6,4;6,5;6,8;6,8;7,1;7,3;7,3;7,1;7,1;7,1;6,9;7;6,9;6,9;6,9;7,2;7
8305;Mauriac;84;Auvergne-Rhône-Alpes;5,6;5,7;5,7;5,7;6,0;5,7;5,6;5,8;5,3;5,7;5,9;6,0;6,0;5,8;5,6;5,5;5,4;5,1;5,2;4,9;4,7;4,8;4,6;4,8;5,2;5,4;5,3;5,4;5,2;5,0;5,2;5,0;5,2;5,2;5,2;5,5;5,6;5,6;5,6;6,0;6,0;6,0;5,8;5,4;5,3;5,4;5,7;5,7;5,5;5,5;5,7;5,5
8306;Saint-Flour;84;Auvergne-Rhône-Alpes;5,4;5,3;5,1;5,4;5,6;5,6;5,4;5,8;5,5;5,4;5,8;5,7;5,7;5,8;5,6;5,4;5,6;5,5;5,4;4,9;4,4;4,9;5,1;5,4;5,6;5,7;5,9;6,0;5,5;5,4;5,3;5,5;5,5;5,5;5,6;5,9;6,0;6,1;6,1;6,6;6,6;6,7;6,4;6,2;6,3;6,3;6,3;6,2;6,1;6;6,1;5,9
8307;Brioude;84;Auvergne-Rhône-Alpes;6,6;6,8;6,8;7,4;7,4;7,2;7,4;7,3;7,1;7,3;7,3;7,3;7,8;7,6;7,6;7,1;7,4;7,4;7,3;6,8;6,2;6,6;6,8;7,3;7,9;8,2;7,9;8,0;7,4;7,4;7,6;7,8;7,7;7,7;7,9;8,3;8,6;8,9;9,0;9,6;9,7;9,5;9,1;8,8;8,9;9,1;9,4;9,3;8,9;9;9,2;9,3
8308;Le Puy-en-Velay;84;Auvergne-Rhône-Alpes;6,6;6,9;6,7;6,7;6,9;6,8;6,8;6,8;6,5;6,6;7,0;7,2;7,4;7,1;7,1;6,6;6,8;6,6;6,4;6,0;5,6;5,8;6,0;6,2;6,6;6,9;6,9;7,1;7,1;7,0;6,9;6,9;6,8;6,8;7,1;7,3;7,3;7,5;7,5;7,9;8,2;8,3;8,2;8,1;8,3;8,3;8,6;8,6;8,4;8,4;8,5;8,5
8309;Ambert;84;Auvergne-Rhône-Alpes;6,0;6,1;6,3;6,5;6,6;6,5;6,6;6,6;6,3;6,4;6,5;6,7;7,1;7,0;7,4;7,2;7,1;6,7;6,5;6,1;5,9;6,0;6,1;6,6;7,3;7,7;7,7;8,0;8,0;8,2;8,2;7,7;7,6;7,4;7,8;7,5;7,3;7,1;7,4;7,8;7,8;7,8;7,8;7,9;8,2;8,1;8,2;8,3;8,3;8,5;8,5;8,4
8310;Clermont-Ferrand;84;Auvergne-Rhône-Alpes;6,7;6,8;6,7;7,0;7,3;7,1;7,2;7,4;7,0;7,1;7,2;7,4;7,4;7,3;7,3;7,1;7,2;6,9;6,9;6,4;6,0;6,4;6,5;6,9;7,5;8,0;8,0;8,4;8,3;8,1;8,0;8,0;7,8;7,8;7,9;8,0;8,0;8,2;8,2;8,5;8,6;8,5;8,4;8,3;8,3;8,3;8,5;8,7;8,6;8,6;8,7;8,7
8311;Issoire;84;Auvergne-Rhône-Alpes;7,5;7,6;7,5;7,6;7,8;7,7;7,7;7,5;7,4;7,5;7,8;8,1;8,2;8,0;8,2;7,7;7,8;7,5;7,4;7,1;6,8;7,2;7,3;7,7;8,4;8,9;8,9;8,9;8,6;8,4;8,3;8,4;8,2;8,4;8,6;8,6;8,8;8,9;8,7;9,1;9,0;8,7;8,7;8,6;8,6;8,8;9,1;9,3;9,3;9,3;9,4;9,3
8312;Thiers;84;Auvergne-Rhône-Alpes;8,2;8,6;8,9;9,6;10,0;9,7;9,7;9,7;9,1;9,1;9,4;9,6;9,6;9,5;9,4;9,2;9,3;8,8;8,5;7,7;7,1;7,4;7,8;8,6;9,7;10,1;10,0;10,1;10,1;9,8;9,6;9,4;9,3;9,4;9,5;9,7;9,7;10,0;10,2;10,5;10,6;10,5;10,6;10,4;10,5;10,2;10,7;11,1;11,2;11,4;11,4;11,2
9101;Carcassonne;76;Languedoc-Roussillon-Midi-Pyrénées;8,6;8,5;8,3;9,0;9,2;9,1;9,2;9,2;8,9;9,1;9,3;9,3;9,3;9,2;9,2;8,9;9,0;8,8;8,7;8,4;8,0;8,3;8,8;9,2;9,9;10,3;10,4;11,0;10,9;11,2;11,3;11,4;11,5;11,2;11,3;11,5;11,7;11,9;11,9;12,5;12,9;13,0;12,8;12,6;12,6;12,7;12,9;13,2;13;12,9;12,9;12,9
9102;Limoux;76;Languedoc-Roussillon-Midi-Pyrénées;8,9;8,8;8,5;9,4;9,5;9,4;9,4;9,4;9,3;9,5;9,8;10,0;10,0;9,9;10,1;9,5;9,6;9,4;9,3;8,9;8,5;8,7;9,0;9,1;9,7;10,1;10,1;10,5;10,3;10,5;10,8;10,8;11,1;10,9;11,5;12,3;12,6;12,8;12,6;13,6;13,4;13,2;13,1;12,8;13,0;13,1;13,2;13,3;13;13,4;13,1;12,9
9103;Narbonne;76;Languedoc-Roussillon-Midi-Pyrénées;11,5;11,3;11,0;11,8;12,0;11,9;12,1;12,0;11,7;12,0;12,1;12,4;12,7;12,5;12,5;11,9;12,0;11,5;11,3;11,0;10,5;10,7;11,1;11,5;12,1;12,8;12,7;13,3;13,2;13,3;13,3;13,1;13,2;13,1;13,3;13,8;13,9;14,0;14,2;14,8;15,2;15,3;15,3;15,0;15,3;15,5;15,8;15,8;15,5;15,6;15,8;15,4
9104;Alès;76;Languedoc-Roussillon-Midi-Pyrénées;13,9;13,6;13,1;13,7;13,8;13,5;13,6;13,5;13,1;13,4;13,9;14,1;14,4;14,2;14,2;13,4;13,5;13,2;12,8;12,4;11,7;11,7;12,0;12,5;13,2;13,9;13,9;14,3;14,0;13,8;13,8;13,8;14,0;13,8;14,2;14,7;14,8;15,1;15,3;15,9;16,2;16,5;16,3;16,1;16,2;16,2;16,9;17,2;17;17;17,1;16,7
9105;Bagnols-sur-Cèze;76;Languedoc-Roussillon-Midi-Pyrénées;9,9;10,0;9,9;10,7;10,4;10,2;10,4;10,4;10,2;10,3;10,4;10,8;10,8;10,5;10,5;9,7;9,8;9,7;9,6;9,1;8,7;9,0;9,1;9,3;10,0;10,6;10,7;11,2;10,7;10,4;10,7;10,9;10,8;10,6;10,7;10,8;10,8;11,2;11,3;11,9;12,3;12,4;12,3;12,4;12,4;12,2;12,4;12,4;12;12,3;12,5;12,5
9106;Nîmes;76;Languedoc-Roussillon-Midi-Pyrénées;12,2;12,1;11,9;12,2;12,3;12,0;12,2;12,1;11,8;11,9;12,2;12,3;12,5;12,4;12,6;11,7;11,8;11,5;11,1;10,4;9,9;10,3;10,5;10,6;11,4;11,9;12,0;12,6;12,3;12,0;11,9;11,9;11,9;11,9;12,1;12,3;12,4;12,6;12,8;13,3;13,7;13,8;13,8;13,7;13,8;13,7;14,1;14,5;14,2;14,1;14,2;14,1
9107;Agde-Pézenas;76;Languedoc-Roussillon-Midi-Pyrénées;14,3;14,1;13,9;14,2;14,2;13,9;14,2;14,4;14,1;14,7;15,3;15,0;15,2;15,2;15,1;14,0;14,2;13,4;13,1;13,0;12,3;12,4;12,7;13,5;14,4;15,0;15,3;16,0;15,5;15,3;15,6;15,5;15,6;15,4;15,5;16,0;16,3;16,7;16,7;17,4;17,7;18,1;17,9;17,5;17,6;17,4;18;18,2;17,9;18;18,3;17,7
9108;Béziers;76;Languedoc-Roussillon-Midi-Pyrénées;11,0;11,1;11,1;11,4;11,7;11,4;11,5;11,5;11,3;11,4;11,8;11,9;11,9;11,6;11,9;11,0;11,3;11,2;11,0;10,8;10,5;10,7;10,9;11,5;12,4;13,0;13,1;13,7;13,4;13,3;13,4;13,2;13,2;13,2;13,4;13,7;13,9;14,3;14,4;15,0;15,0;15,1;15,1;14,8;15,0;15;15,1;15,2;14,9;14,8;15,2;14,9
9109;Clermont-l'Hérault-Lodève;76;Languedoc-Roussillon-Midi-Pyrénées;11,2;11,5;11,4;11,9;12,0;11,7;11,9;12,0;12,0;12,3;12,5;12,5;12,4;11,7;12,1;11,3;11,4;11,1;10,9;10,5;9,8;10,3;10,6;10,6;11,5;12,2;12,3;12,8;12,4;12,1;12,3;12,6;12,7;12,4;12,6;13,0;13,0;13,4;13,5;13,8;14,3;14,5;14,3;14,1;14,0;14,2;14,7;14,8;14,3;14;14,1;13,7
9110;Ganges;76;Languedoc-Roussillon-Midi-Pyrénées;11,6;12,0;11,9;12,7;12,8;12,6;12,5;12,5;12,2;12,2;12,5;12,9;13,2;13,1;13,3;12,6;12,6;12,2;12,0;11,6;11,0;11,4;11,4;11,4;12,0;12,3;12,0;12,7;12,2;11,9;12,2;12,1;11,9;11,8;12,0;12,1;12,2;12,2;12,1;12,6;12,9;13,2;13,2;13,2;13,4;13,2;13,9;14;13,8;13,9;13,8;13,8
9111;Montpellier;76;Languedoc-Roussillon-Midi-Pyrénées;12,5;12,3;11,9;12,3;12,3;11,9;11,9;12,0;11,7;11,9;12,0;12,1;12,1;11,7;11,6;10,9;10,9;10,6;10,5;10,1;9,6;9,7;10,0;10,4;11,0;11,6;11,6;12,1;11,8;11,6;11,6;11,8;11,7;11,8;12,1;12,4;12,5;12,8;12,8;13,3;13,6;13,7;13,6;13,5;13,5;13,4;13,7;13,7;13,5;13,4;13,6;13,2
9112;Sète;76;Languedoc-Roussillon-Midi-Pyrénées;15,0;14,9;14,3;14,6;14,8;14,3;14,4;14,2;13,6;13,6;13,7;13,6;13,7;13,6;13,8;12,9;13,2;12,8;12,6;12,1;11,4;11,3;11,6;12,1;12,8;13,4;13,3;14,1;13,8;13,7;13,5;13,4;13,6;13,8;14,1;14,6;14,7;14,8;14,7;15,3;15,7;16,1;16,3;16,1;16,1;15,9;16,1;16,1;15,7;15,8;16,1;15,6
9113;Lozère;76;Languedoc-Roussillon-Midi-Pyrénées;4,8;4,7;4,7;4,8;4,8;4,8;4,9;5,1;4,9;5,1;5,0;5,1;5,2;5,1;5,1;4,7;4,8;4,5;4,4;4,0;3,7;3,8;4,1;4,2;4,6;4,8;4,9;5,0;4,7;4,8;4,9;5,0;5,1;5,0;5,3;5,3;5,4;5,5;5,6;5,9;6,0;6,2;6,1;5,9;5,9;5,8;6;6,3;6,3;6,3;6,4;6,4
9114;Céret;76;Languedoc-Roussillon-Midi-Pyrénées;11,1;11,2;11,0;11,3;11,5;11,2;11,2;11,0;10,8;11,1;11,5;11,5;11,4;11,0;11,2;10,8;11,3;11,1;10,8;10,5;9,9;10,1;10,7;11,2;11,8;12,4;12,4;12,7;12,5;12,6;12,5;12,7;12,9;13,0;13,2;13,7;14,1;14,2;14,1;15,0;15,2;15,5;15,6;15,3;15,4;15,4;16,1;16,2;16;16,1;16,4;16
9115;Perpignan;76;Languedoc-Roussillon-Midi-Pyrénées;12,3;12,3;11,9;12,1;12,2;11,9;12,0;11,8;11,5;11,6;11,8;11,7;11,8;11,6;11,7;11,0;11,3;10,8;10,6;10,2;9,7;9,9;10,3;10,8;11,5;12,1;12,2;12,7;12,4;12,4;12,3;12,3;12,6;12,4;13,0;13,3;13,6;14,0;14,2;14,8;15,1;15,1;15,0;14,8;15,0;15,1;15,7;15,8;15,7;15,7;16,1;15,6
9116;Prades;76;Languedoc-Roussillon-Midi-Pyrénées;8,1;8,2;8,2;8,7;8,8;8,4;8,7;8,4;8,3;8,7;8,7;8,5;8,5;8,3;8,5;8,0;8,3;8,2;8,1;8,2;7,5;7,6;8,0;8,5;8,9;9,5;10,1;10,7;10,7;10,3;9,7;9,8;10,2;9,8;10,5;10,7;10,9;11,3;11,2;11,7;11,9;12,2;12,0;11,5;11,7;11,6;12,4;12,4;12,5;12,4;12,9;12,5
9301;Digne-les-Bains;93;Provence-Alpes-Côte d'Azur;7,5;7,6;7,2;7,6;7,7;7,5;7,8;7,9;7,6;8,0;8,2;8,2;8,4;8,3;8,3;8,1;8,5;8,5;8,5;8,2;7,8;8,3;8,2;8,3;8,8;9,2;9,2;9,3;9,2;9,0;9,1;9,0;9,3;9,5;9,7;9,9;10,1;10,4;10,5;11,0;11,2;11,2;11,1;11,3;11,2;11,2;11,7;11,9;11,9;11,7;11,6;11,4
9302;Manosque;93;Provence-Alpes-Côte d'Azur;9,9;10,1;9,8;9,9;9,8;9,7;10,1;10,1;9,9;10,0;10,2;10,2;10,3;10,0;9,9;9,4;9,7;9,4;9,3;8,6;8,2;8,7;8,9;9,3;10,2;10,5;10,4;10,9;10,8;10,6;10,6;10,5;10,5;10,6;11,1;11,2;11,5;11,7;11,8;12,3;12,4;12,5;12,4;12,3;12,3;12,1;12,3;12,5;12,4;12,3;12,4;12,4
9303;Briançon;93;Provence-Alpes-Côte d'Azur;7,2;7,1;7,1;7,4;7,5;7,5;7,6;7,5;7,5;7,7;7,8;7,9;7,9;7,9;8,0;7,9;7,8;7,9;7,4;6,5;6,7;6,5;6,4;6,3;7,2;7,4;7,4;7,4;7,4;7,4;7,6;7,4;7,6;7,3;7,6;7,6;7,9;8,0;8,0;8,5;8,7;9,0;8,9;8,9;8,8;9,1;9,2;9,2;9;9;9,1;9,2
9304;Gap;93;Provence-Alpes-Côte d'Azur;7,0;6,9;6,9;7,2;7,3;7,1;7,2;7,3;7,1;7,3;7,5;7,6;7,5;7,3;7,3;6,7;7,1;7,1;7,0;6,5;6,1;6,3;6,5;6,6;7,0;7,3;7,3;7,6;7,4;7,4;7,6;7,7;7,8;7,8;8,1;8,2;8,2;8,5;8,5;8,8;9,0;9,1;8,9;8,9;8,8;8,8;8,9;9,1;9;9;9,1;9,1
9305;Cannes-Antibes;93;Provence-Alpes-Côte d'Azur;9,5;9,7;9,4;9,5;9,5;9,3;9,5;9,5;9,2;9,3;9,4;9,3;9,3;9,0;9,0;8,6;8,7;8,3;8,0;7,4;7,0;6,9;7,0;7,4;8,2;9,0;9,1;9,4;9,3;9,1;9,2;9,2;9,2;9,1;9,3;9,5;9,7;9,9;9,9;10,2;10,4;10,6;10,5;10,4;10,4;10,4;10,6;10,8;10,8;10,7;10,7;10,7
9306;Menton Vallée de la Roya;93;Provence-Alpes-Côte d'Azur;6,8;6,9;6,7;6,9;6,9;6,7;6,7;6,8;6,7;6,7;6,8;6,8;6,9;7,0;7,2;6,6;6,4;6,0;5,9;5,5;5,3;5,2;5,3;5,6;6,3;6,9;7,0;7,4;7,2;7,1;7,3;7,3;7,3;7,4;7,7;8,0;8,3;8,6;8,5;8,8;9,1;9,2;9,2;9,3;9,4;9,3;9,7;9,8;9,7;9,8;10;10
9307;Nice;93;Provence-Alpes-Côte d'Azur;8,1;8,1;8,0;8,3;8,3;8,1;8,1;8,1;8,0;8,1;8,2;8,2;8,2;8,0;8,0;7,6;7,7;7,3;7,1;6,6;6,4;6,5;6,6;6,8;7,6;8,2;8,3;8,6;8,4;8,2;8,2;8,2;8,3;8,3;8,6;8,8;9,0;9,2;9,2;9,7;10,0;10,1;10,1;10,1;10,3;10,2;10,6;10,8;10,7;10,7;10,8;10,6
9308;Aix-en-Provence;93;Provence-Alpes-Côte d'Azur;9,2;9,4;9,2;9,4;9,3;9,0;9,1;9,1;8,9;9,0;9,2;9,0;9,1;9,0;9,0;8,3;8,5;8,4;8,2;7,4;7,0;7,2;7,3;7,2;8,0;8,6;8,6;8,8;8,7;8,7;8,6;8,6;8,7;8,7;8,8;8,8;8,9;9,0;9,0;9,3;9,5;9,5;9,5;9,4;9,3;9,3;9,6;9,7;9,6;9,6;9,6;9,4
9309;Arles;93;Provence-Alpes-Côte d'Azur;11,1;11,5;11,0;11,3;11,5;11,1;11,1;11,2;10,9;11,1;11,6;11,9;12,3;12,2;12,0;11,1;11,7;11,2;11,2;10,6;10,2;10,2;10,4;10,6;11,5;12,3;12,7;13,0;13,0;12,8;12,8;12,9;13,1;13,3;13,6;13,9;14,0;14,0;14,1;14,5;14,5;14,9;14,8;14,3;14,6;14,2;14,5;14,6;14,2;14,2;14,4;14,1
9310;Marseille-Aubagne;93;Provence-Alpes-Côte d'Azur;11,6;11,8;11,4;11,6;11,7;11,3;11,4;11,5;11,2;11,4;11,7;11,9;12,1;12,0;11,8;11,3;11,7;11,4;11,2;10,4;10,0;10,0;10,1;10,2;11,0;11,5;11,6;12,1;11,9;11,8;11,9;12,0;12,0;12,0;12,2;12,3;12,3;12,4;12,4;12,7;12,9;12,8;12,6;12,5;12,5;12,4;12,6;12,8;12,6;12,6;12,8;12,6
9311;Istres-Martigues;93;Provence-Alpes-Côte d'Azur;10,2;10,6;10,3;10,5;10,5;10,2;10,2;10,1;9,9;10,0;10,3;10,2;10,3;10,2;10,3;9,7;10,1;9,4;9,2;8,6;8,5;8,6;8,7;8,9;10,2;11,0;11,0;11,2;11,2;11,0;11,1;10,9;10,9;10,7;10,7;11,0;10,9;11,0;10,8;11,0;11,5;11,5;11,3;11,1;11,1;11;11,3;11,3;11,2;11,1;11,3;11,2
9312;Salon-de-Provence;93;Provence-Alpes-Côte d'Azur;10,7;10,8;10,5;10,6;10,7;10,3;10,3;10,3;9,9;9,9;10,2;10,2;10,3;10,2;10,2;9,5;10,2;9,8;9,7;9,1;8,7;9,0;9,2;9,3;10,3;10,8;10,9;11,4;11,1;11,1;11,0;11,3;11,3;11,3;11,5;11,4;11,6;11,5;11,6;12,0;12,2;12,2;12,1;11,9;11,9;11,8;12,3;12,3;12,2;12,1;12,2;12,1
9313;Draguignan;93;Provence-Alpes-Côte d'Azur;11,4;11,4;11,1;11,5;11,3;11,0;11,1;11,3;11,0;11,1;11,2;10,8;10,9;10,8;10,7;10,3;10,6;10,3;10,3;9,7;9,4;9,4;9,6;10,0;10,8;11,4;11,2;11,5;11,5;11,2;11,2;11,2;11,2;11,3;11,4;11,6;11,7;11,9;11,8;12,3;12,6;12,7;12,6;12,6;12,5;12,6;13,1;13,1;12,9;12,6;12,7;12,6
9314;Fréjus-Saint Raphaël;93;Provence-Alpes-Côte d'Azur;9,9;10,0;10,1;10,6;10,9;11,0;11,3;11,2;10,7;10,9;11,0;10,9;10,8;10,6;10,4;10,0;10,1;9,9;9,8;9,3;8,8;8,7;8,7;9,2;10,1;10,7;10,9;11,1;11,0;10,9;11,1;10,9;11,0;11,0;11,2;11,4;11,6;11,7;11,5;12,0;12,1;12,3;12,2;12,2;12,2;12,1;12,4;12,7;12,5;12,6;12,7;12,6
9315;Toulon;93;Provence-Alpes-Côte d'Azur;10,6;10,6;10,2;10,5;10,6;10,3;10,5;10,5;10,2;10,3;10,4;10,2;10,3;10,1;9,9;9,4;9,6;9,3;9,0;8,6;8,2;8,3;8,4;8,7;9,4;9,8;9,7;10,0;9,7;9,6;9,6;9,7;9,8;9,9;10,0;10,1;10,1;10,3;10,2;10,6;10,8;10,7;10,7;10,7;10,7;10,7;10,9;11,1;10,9;10,9;11;10,9
9316;Cavaillon-Apt;93;Provence-Alpes-Côte d'Azur;9,3;9,2;8,9;9,1;9,1;8,9;9,0;9,3;9,2;9,4;9,8;9,8;9,9;9,9;9,9;9,2;9,6;9,4;9,1;8,3;8,1;8,2;8,4;8,8;10,0;10,4;10,4;11,0;10,9;10,6;10,6;10,7;11,1;11,2;11,5;11,6;11,7;11,9;12,0;12,4;12,6;12,8;12,7;12,3;12,5;12,4;12,8;13,1;12,8;12,8;13,3;13,3
9317;Orange;93;Provence-Alpes-Côte d'Azur;9,7;9,5;9,3;9,3;9,4;9,3;9,6;9,7;9,6;10,0;10,4;10,7;10,8;10,6;10,8;9,9;10,5;10,4;10,2;9,5;8,9;9,2;9,5;9,6;10,8;11,3;11,1;11,8;11,6;11,3;11,3;11,2;11,3;11,4;11,7;12,0;12,0;12,4;12,6;12,9;13,1;13,0;13,2;12,9;13,1;13,1;13,6;13,7;13,5;13,5;13,6;13,7
9401;Ajaccio;94;Corse;8,3;8,1;8,0;8,3;8,5;8,6;8,7;8,7;8,1;8,3;8,3;8,1;7,9;7,8;7,8;7,5;7,4;7,2;7,0;6,8;6,6;6,8;6,9;6,8;7,0;7,3;7,6;8,2;8,1;8,0;8,0;8,3;8,3;8,3;8,5;8,5;8,5;8,7;8,6;9,0;9,0;9,0;8,8;8,7;8,7;8,6;8,8;9,1;9,1;9;8,9;8,7
9402;Porto-Vecchio;94;Corse;9,8;9,8;9,9;10,0;10,0;10,1;10,1;9,7;9,3;10,1;9,8;9,8;9,6;10,2;10,4;10,0;9,8;9,1;8,7;8,7;8,2;7,6;7,6;8,1;8,2;8,6;8,9;9,2;9,2;9,4;9,3;9,2;9,3;8,8;8,9;9,2;9,4;9,4;9,6;10,5;10,8;11,1;11,5;11,7;11,9;12,3;12,7;12,8;12,8;12,8;12,8;12,8
9403;Sartène-Propriano;94;Corse;10,5;10,6;10,8;9,8;10,3;10,2;10,9;10,6;9,8;10,1;10,2;10,0;9,5;9,3;8,9;9,4;9,9;9,1;8,8;8,2;7,6;7,5;7,4;7,6;8,0;8,2;8,4;8,7;8,4;8,2;8,9;8,8;9,1;9,4;9,5;9,5;9,6;10,0;10,5;11,2;11,3;11,3;11,8;11,7;11,6;11,4;11,6;12,6;12,6;13;12,9;12,7
9404;Bastia;94;Corse;9,1;9,0;9,1;9,2;9,3;9,4;9,6;9,6;9,2;9,6;9,8;10,0;10,0;10,1;10,0;9,7;9,6;9,3;9,0;8,5;8,0;8,1;8,2;8,1;8,2;8,7;8,8;9,1;9,1;9,0;9,3;9,5;9,5;9,4;9,6;9,7;9,6;9,5;9,6;10,0;10,3;10,5;10,7;10,8;10,9;11,1;11,5;12,1;12,2;12;11,7;11,6
9405;Calvi-L'Île-Rousse;94;Corse;11,5;11,4;11,2;11,2;11,1;11,5;12,3;12,2;11,2;12,4;11,7;11,3;11,6;11,5;11,1;11,3;10,9;10,5;10,7;10,1;9,8;9,8;9,9;10,3;10,4;10,8;10,9;11,5;11,2;11,1;11,2;11,3;11,1;10,9;10,9;10,9;11,3;11,9;11,4;12,5;12,6;12,6;12,5;12,5;12,3;12,6;13,1;13,4;13;12,9;12,8;12,7
9406;Corte;94;Corse;8,2;7,7;8,3;8,1;8,0;8,0;8,5;8,9;8,6;8,6;7,5;7,4;7,5;8,0;9,0;7,9;7,6;7,3;6,9;6,0;5,7;5,7;6,2;6,5;6,8;6,7;6,6;7,1;6,9;7,4;7,5;7,6;7,4;7,5;8,0;8,4;8,5;8,7;8,9;8,8;8,9;9,0;8,7;8,5;8,2;8,2;8,5;9,1;9,1;9;9,1;9,1
9407;Ghisonaccia-Aléria;94;Corse;9,6;8,9;9,1;9,4;9,6;9,7;9,5;9,7;9,3;9,9;10,4;10,3;10,2;9,9;9,3;8,7;9,0;9,5;9,4;9,0;8,2;8,1;8,3;8,4;8,4;8,4;9,0;9,6;9,7;9,6;9,6;9,6;10,2;10,1;10,5;10,7;10,5;10,6;10,9;11,4;11,7;11,5;11,4;11,3;11,3;11;11,3;11,5;11,4;11,3;11,4;11,7